isin,symbol,report_type,fiscalDateEnding,reportedCurrency,grossProfit,totalRevenue,costOfRevenue,costofGoodsAndServicesSold,operatingIncome,sellingGeneralAndAdministrative,researchAndDevelopment,operatingExpenses,investmentIncomeNet,netInterestIncome,interestIncome,interestExpense,nonInterestIncome,otherNonOperatingIncome,depreciation,depreciationAndAmortization,incomeBeforeTax,incomeTaxExpense,interestAndDebtExpense,netIncomeFromContinuingOperations,comprehensiveIncomeNetOfTax,ebit,ebitda,netIncome
US0640581007,BK,annual,2023-12-31,USD,4088000000.0,17502000000.0,13414000000.0,90000000.0,-38000000.0,4069000000.0,None,4126000000.0,None,4345000000.0,20648000000.0,16303000000.0,13157000000.0,None,None,57000000.0,4086000000.0,800000000.0,16303000000.0,-14133000000.0,4359000000.0,20389000000.0,20446000000.0,3286000000.0
US0640581007,BK,annual,2022-12-31,USD,3328000000.0,16377000000.0,13049000000.0,None,-1275000000.0,3850000000.0,None,4603000000.0,None,3504000000.0,7118000000.0,3614000000.0,12873000000.0,None,None,73000000.0,3341000000.0,768000000.0,3614000000.0,-15053000000.0,-1180000000.0,6955000000.0,7028000000.0,2573000000.0
US0640581007,BK,annual,2021-12-31,USD,4648000000.0,15931000000.0,11283000000.0,None,1021000000.0,3542000000.0,None,3627000000.0,None,2618000000.0,2845000000.0,227000000.0,13313000000.0,None,None,85000000.0,4636000000.0,877000000.0,227000000.0,-11370000000.0,2531000000.0,4863000000.0,4948000000.0,3759000000.0
US0640581007,BK,annual,2020-12-31,USD,4468000000.0,15808000000.0,11340000000.0,None,904000000.0,3459000000.0,None,3564000000.0,84000000.0,2977000000.0,4109000000.0,1132000000.0,12831000000.0,84000000.0,None,105000000.0,4459000000.0,842000000.0,1132000000.0,-10858000000.0,5275000000.0,5591000000.0,5696000000.0,3617000000.0
US0640581007,BK,annual,2019-12-31,USD,5587000000.0,16462000000.0,10875000000.0,None,2104000000.0,3344000000.0,None,3483000000.0,56000000.0,3188000000.0,7548000000.0,4360000000.0,13274000000.0,56000000.0,None,124000000.0,5561000000.0,1120000000.0,4360000000.0,-9860000000.0,5064000000.0,9921000000.0,10045000000.0,4441000000.0
US0640581007,BK,annual,2018-12-31,USD,5216000000.0,16392000000.0,11200000000.0,-862000000.0,1766000000.0,3259000000.0,None,3450000000.0,-13000000.0,3611000000.0,6432000000.0,2821000000.0,12794000000.0,-13000000.0,None,180000000.0,5204000000.0,938000000.0,2821000000.0,4254000000.0,3454000000.0,8025000000.0,8205000000.0,4266000000.0
US0640581007,BK,annual,2017-12-31,USD,6117000000.0,15543000000.0,10933000000.0,1050000000.0,-3165000000.0,9073000000.0,None,9282000000.0,70000000.0,3308000000.0,4382000000.0,1074000000.0,12165000000.0,70000000.0,None,209000000.0,4586000000.0,496000000.0,1074000000.0,4114000000.0,5498000000.0,5660000000.0,5869000000.0,4090000000.0
US0640581007,BK,annual,2016-12-31,USD,6114000000.0,16626000000.0,10512000000.0,426000000.0,-3111000000.0,8788000000.0,None,9225000000.0,26000000.0,3138000000.0,3575000000.0,437000000.0,12073000000.0,26000000.0,None,237000000.0,4724000000.0,1177000000.0,437000000.0,3548000000.0,2382000000.0,5161000000.0,5398000000.0,3547000000.0
US0640581007,BK,annual,2015-12-31,USD,4327000000.0,15126000000.0,10799000000.0,460000000.0,-5164000000.0,8993000000.0,None,9491000000.0,86000000.0,3026000000.0,3326000000.0,300000000.0,12082000000.0,86000000.0,None,261000000.0,4171000000.0,1013000000.0,300000000.0,3222000000.0,2192000000.0,4471000000.0,4732000000.0,3158000000.0
US0640581007,BK,annual,2014-12-31,USD,3431000000.0,15608000000.0,12177000000.0,306000000.0,-7078000000.0,9129000000.0,None,10509000000.0,163000000.0,2880000000.0,3234000000.0,354000000.0,12649000000.0,163000000.0,None,298000000.0,3479000000.0,912000000.0,354000000.0,2567000000.0,1825000000.0,3833000000.0,4131000000.0,2567000000.0
US0640581007,BK,annual,2013-12-31,USD,3597000000.0,14968000000.0,11306000000.0,308000000.0,-5843000000.0,7063000000.0,None,9783000000.0,None,3009000000.0,3352000000.0,343000000.0,11959000000.0,183000000.0,None,342000000.0,3696000000.0,1592000000.0,343000000.0,2104000000.0,1855000000.0,4039000000.0,4381000000.0,2104000000.0
US0640581007,BK,annual,2012-12-31,USD,3146000000.0,14534000000.0,11333000000.0,454000000.0,-6682000000.0,7014000000.0,None,10362000000.0,None,2973000000.0,3507000000.0,534000000.0,11561000000.0,189000000.0,None,384000000.0,3279000000.0,842000000.0,534000000.0,2437000000.0,3421000000.0,3813000000.0,4197000000.0,2437000000.0
US0640581007,BK,annual,2011-12-31,USD,3568000000.0,14680000000.0,11112000000.0,605000000.0,-6041000000.0,6995000000.0,None,10213000000.0,None,2984000000.0,3588000000.0,604000000.0,11696000000.0,200000000.0,None,428000000.0,3564000000.0,1048000000.0,604000000.0,2516000000.0,2244000000.0,4168000000.0,4596000000.0,2516000000.0
US0640581007,BK,annual,2010-12-31,USD,3646000000.0,13816000000.0,10170000000.0,619000000.0,-4967000000.0,6350000000.0,None,9221000000.0,None,2925000000.0,3470000000.0,545000000.0,10891000000.0,226000000.0,None,421000000.0,3565000000.0,1047000000.0,608000000.0,2584000000.0,2960000000.0,4110000000.0,4531000000.0,2518000000.0
US0640581007,BK,annual,2009-12-31,USD,-1246000000.0,7654000000.0,9563000000.0,924000000.0,-8684000000.0,5281000000.0,None,8030000000.0,None,2915000000.0,3508000000.0,593000000.0,4739000000.0,None,None,426000000.0,-2209000000.0,-1395000000.0,592000000.0,-814000000.0,3158000000.0,-1616000000.0,-1190000000.0,-814000000.0
US0640581007,BK,quarterly,2024-09-30,USD,1502000000.0,4625000000.0,3123000000.0,33000000.0,451000000.0,1039000000.0,None,1051000000.0,None,1048000000.0,6652000000.0,5604000000.0,3600000000.0,None,None,12000000.0,1518000000.0,336000000.0,None,-2985000000.0,2215000000.0,451000000.0,463000000.0,1182000000.0
US0640581007,BK,quarterly,2024-06-30,USD,1527000000.0,4597000000.0,3070000000.0,33000000.0,480000000.0,1034000000.0,None,1047000000.0,None,1030000000.0,6392000000.0,5362000000.0,3567000000.0,None,None,13000000.0,1525000000.0,357000000.0,None,-2947000000.0,1144000000.0,480000000.0,493000000.0,1168000000.0
US0640581007,BK,quarterly,2024-03-31,USD,1297000000.0,4500000000.0,3203000000.0,29000000.0,301000000.0,984000000.0,None,996000000.0,None,1040000000.0,6096000000.0,5056000000.0,3487000000.0,None,None,12000000.0,1322000000.0,297000000.0,5056000000.0,-3172000000.0,1042000000.0,6378000000.0,6390000000.0,1025000000.0
US0640581007,BK,quarterly,2023-12-31,USD,267000000.0,4346000000.0,4079000000.0,None,-862000000.0,1115000000.0,None,1129000000.0,None,1101000000.0,5963000000.0,4862000000.0,3257000000.0,None,None,14000000.0,234000000.0,73000000.0,4862000000.0,-4886000000.0,1120000000.0,5096000000.0,5110000000.0,208000000.0
US0640581007,BK,quarterly,2023-09-30,USD,1279000000.0,4371000000.0,3092000000.0,29000000.0,268000000.0,996000000.0,None,1011000000.0,None,1016000000.0,5519000000.0,4503000000.0,3404000000.0,None,None,15000000.0,1279000000.0,285000000.0,4503000000.0,-3062000000.0,837000000.0,5782000000.0,5797000000.0,1040000000.0
US0640581007,BK,quarterly,2023-06-30,USD,1333000000.0,4449000000.0,3116000000.0,30000000.0,323000000.0,996000000.0,None,1010000000.0,None,1100000000.0,5224000000.0,4124000000.0,3404000000.0,None,None,14000000.0,1337000000.0,315000000.0,4124000000.0,-3058000000.0,1013000000.0,5461000000.0,5475000000.0,1072000000.0
US0640581007,BK,quarterly,2023-03-31,USD,1209000000.0,4336000000.0,3127000000.0,28000000.0,233000000.0,962000000.0,None,976000000.0,None,1128000000.0,3942000000.0,2814000000.0,3287000000.0,None,None,14000000.0,1236000000.0,306000000.0,2814000000.0,-3127000000.0,1405000000.0,4050000000.0,4064000000.0,982000000.0
US0640581007,BK,quarterly,2022-12-31,USD,665000000.0,3937000000.0,3233000000.0,None,-386000000.0,1035000000.0,None,1051000000.0,None,1056000000.0,3197000000.0,2141000000.0,2862000000.0,None,None,16000000.0,685000000.0,142000000.0,2141000000.0,-3741000000.0,1204000000.0,2826000000.0,2842000000.0,543000000.0
US0640581007,BK,quarterly,2022-09-30,USD,660000000.0,4309000000.0,3649000000.0,562000000.0,-979000000.0,942000000.0,None,1639000000.0,None,926000000.0,1984000000.0,1058000000.0,3353000000.0,None,None,17000000.0,630000000.0,242000000.0,1058000000.0,-4900000000.0,-932000000.0,1688000000.0,1705000000.0,388000000.0
US0640581007,BK,quarterly,2022-06-30,USD,1048000000.0,4207000000.0,3159000000.0,26000000.0,79000000.0,952000000.0,None,969000000.0,None,824000000.0,1159000000.0,335000000.0,3430000000.0,None,None,17000000.0,1100000000.0,231000000.0,335000000.0,-3264000000.0,-557000000.0,1435000000.0,1452000000.0,869000000.0
US0640581007,BK,quarterly,2022-03-31,USD,916000000.0,3924000000.0,3008000000.0,23000000.0,-22000000.0,921000000.0,None,938000000.0,None,698000000.0,778000000.0,80000000.0,3228000000.0,None,None,17000000.0,926000000.0,153000000.0,80000000.0,-3181000000.0,-895000000.0,1006000000.0,1023000000.0,773000000.0
US0640581007,BK,quarterly,2021-12-31,USD,1082000000.0,3572000000.0,2950000000.0,None,117000000.0,946000000.0,None,965000000.0,None,677000000.0,729000000.0,52000000.0,3338000000.0,None,None,19000000.0,1059000000.0,196000000.0,52000000.0,4000000.0,653000000.0,1111000000.0,1130000000.0,863000000.0
US0640581007,BK,quarterly,2021-09-30,USD,1336000000.0,4209000000.0,2873000000.0,29000000.0,440000000.0,877000000.0,None,896000000.0,None,641000000.0,693000000.0,52000000.0,3394000000.0,None,None,19000000.0,1166000000.0,219000000.0,52000000.0,-2693000000.0,614000000.0,1218000000.0,1237000000.0,947000000.0
US0640581007,BK,quarterly,2021-06-30,USD,1445000000.0,4137000000.0,2692000000.0,32000000.0,553000000.0,872000000.0,None,892000000.0,None,645000000.0,685000000.0,40000000.0,3315000000.0,None,None,20000000.0,1263000000.0,241000000.0,40000000.0,-2466000000.0,1171000000.0,1303000000.0,1323000000.0,1022000000.0
US0640581007,BK,quarterly,2021-03-31,USD,1245000000.0,4013000000.0,2768000000.0,29000000.0,374000000.0,847000000.0,None,871000000.0,None,655000000.0,738000000.0,83000000.0,3266000000.0,None,None,24000000.0,1148000000.0,221000000.0,83000000.0,-2698000000.0,93000000.0,1231000000.0,1255000000.0,927000000.0
US0640581007,BK,quarterly,2020-12-31,USD,937000000.0,4207000000.0,2940000000.0,None,-28000000.0,939000000.0,None,965000000.0,41000000.0,680000000.0,776000000.0,96000000.0,3163000000.0,41000000.0,None,26000000.0,898000000.0,148000000.0,96000000.0,-34000000.0,1124000000.0,994000000.0,1020000000.0,750000000.0
US0640581007,BK,quarterly,2020-09-30,USD,1121000000.0,3811000000.0,2690000000.0,30000000.0,247000000.0,848000000.0,None,874000000.0,27000000.0,703000000.0,820000000.0,117000000.0,3144000000.0,27000000.0,None,26000000.0,1150000000.0,213000000.0,117000000.0,-2620000000.0,1521000000.0,1267000000.0,1293000000.0,937000000.0
US0640581007,BK,quarterly,2020-06-30,USD,984000000.0,3813000000.0,2829000000.0,29000000.0,119000000.0,839000000.0,None,865000000.0,54000000.0,780000000.0,943000000.0,163000000.0,3230000000.0,54000000.0,None,26000000.0,1166000000.0,216000000.0,163000000.0,-2729000000.0,1834000000.0,1329000000.0,1355000000.0,950000000.0
US0640581007,BK,quarterly,2020-03-31,USD,1096000000.0,3977000000.0,2881000000.0,30000000.0,237000000.0,833000000.0,None,859000000.0,-38000000.0,814000000.0,1570000000.0,756000000.0,3294000000.0,-38000000.0,None,26000000.0,1245000000.0,265000000.0,756000000.0,-2778000000.0,796000000.0,2001000000.0,2027000000.0,980000000.0
US0640581007,BK,quarterly,2019-12-31,USD,1813000000.0,4776000000.0,2956000000.0,None,876000000.0,909000000.0,None,937000000.0,17000000.0,815000000.0,1721000000.0,906000000.0,3946000000.0,17000000.0,None,28000000.0,1813000000.0,373000000.0,906000000.0,-2444000000.0,1695000000.0,2719000000.0,2747000000.0,1440000000.0
US0640581007,BK,quarterly,2019-09-30,USD,1308000000.0,3882000000.0,2574000000.0,33000000.0,394000000.0,810000000.0,None,914000000.0,3000000.0,730000000.0,1942000000.0,1212000000.0,3128000000.0,3000000.0,None,32000000.0,1284000000.0,246000000.0,1212000000.0,-2439000000.0,833000000.0,2496000000.0,2528000000.0,1038000000.0
US0640581007,BK,quarterly,2019-06-30,USD,1291000000.0,3930000000.0,2639000000.0,33000000.0,422000000.0,835000000.0,None,869000000.0,10000000.0,802000000.0,1965000000.0,1163000000.0,3112000000.0,10000000.0,None,32000000.0,1281000000.0,264000000.0,1163000000.0,-2479000000.0,1319000000.0,2444000000.0,2476000000.0,1017000000.0
US0640581007,BK,quarterly,2019-03-31,USD,1160000000.0,3866000000.0,2706000000.0,31000000.0,337000000.0,790000000.0,None,823000000.0,26000000.0,841000000.0,1920000000.0,1079000000.0,3032000000.0,26000000.0,None,29000000.0,1183000000.0,237000000.0,1079000000.0,-2573000000.0,1217000000.0,2262000000.0,2291000000.0,946000000.0
US0640581007,BK,quarterly,2018-12-31,USD,1044000000.0,2818000000.0,2987000000.0,979000000.0,63000000.0,943000000.0,None,981000000.0,-24000000.0,885000000.0,1864000000.0,979000000.0,3146000000.0,-24000000.0,None,35000000.0,1031000000.0,150000000.0,979000000.0,-3098000000.0,693000000.0,2010000000.0,2045000000.0,881000000.0
US0640581007,BK,quarterly,2018-09-30,USD,1710000000.0,4445000000.0,2735000000.0,33000000.0,-529000000.0,2189000000.0,None,2239000000.0,10000000.0,891000000.0,1634000000.0,743000000.0,3168000000.0,10000000.0,None,48000000.0,1331000000.0,220000000.0,743000000.0,-3477000000.0,923000000.0,2074000000.0,2122000000.0,1111000000.0
US0640581007,BK,quarterly,2018-06-30,USD,1777000000.0,4521000000.0,2744000000.0,34000000.0,-502000000.0,2227000000.0,None,2279000000.0,12000000.0,916000000.0,1553000000.0,637000000.0,3210000000.0,12000000.0,None,48000000.0,1389000000.0,286000000.0,637000000.0,-3523000000.0,651000000.0,2026000000.0,2074000000.0,1103000000.0
US0640581007,BK,quarterly,2018-03-31,USD,1874000000.0,4608000000.0,2734000000.0,35000000.0,-407000000.0,2230000000.0,None,2281000000.0,-11000000.0,919000000.0,1381000000.0,462000000.0,3270000000.0,-11000000.0,None,49000000.0,1453000000.0,282000000.0,462000000.0,-3439000000.0,1187000000.0,1915000000.0,1964000000.0,1171000000.0
US0640581007,BK,quarterly,2017-12-31,USD,1117000000.0,2610000000.0,3000000000.0,362000000.0,-1351000000.0,2416000000.0,None,2468000000.0,17000000.0,851000000.0,1219000000.0,368000000.0,2860000000.0,-1000000.0,None,52000000.0,722000000.0,-453000000.0,368000000.0,-3888000000.0,1599000000.0,1090000000.0,1142000000.0,1175000000.0
US0640581007,BK,quarterly,2017-09-30,USD,1747000000.0,4395000000.0,2648000000.0,69000000.0,-444000000.0,2139000000.0,None,2191000000.0,10000000.0,839000000.0,1151000000.0,312000000.0,3167000000.0,28000000.0,None,52000000.0,1366000000.0,348000000.0,312000000.0,-3437000000.0,1330000000.0,1678000000.0,1730000000.0,1018000000.0
US0640581007,BK,quarterly,2017-06-30,USD,1699000000.0,4347000000.0,2648000000.0,68000000.0,-465000000.0,2111000000.0,None,2164000000.0,10000000.0,826000000.0,1052000000.0,226000000.0,3120000000.0,10000000.0,None,53000000.0,1307000000.0,332000000.0,226000000.0,-3443000000.0,1406000000.0,1533000000.0,1586000000.0,975000000.0
US0640581007,BK,quarterly,2017-03-31,USD,1554000000.0,4191000000.0,2637000000.0,64000000.0,-635000000.0,2137000000.0,None,2189000000.0,33000000.0,792000000.0,960000000.0,168000000.0,3018000000.0,33000000.0,None,52000000.0,1191000000.0,269000000.0,168000000.0,-3514000000.0,1163000000.0,1359000000.0,1411000000.0,922000000.0
US0640581007,BK,quarterly,2016-12-31,USD,1495000000.0,4133000000.0,2638000000.0,104000000.0,-686000000.0,2121000000.0,None,2181000000.0,5000000.0,831000000.0,928000000.0,97000000.0,2954000000.0,5000000.0,None,60000000.0,1150000000.0,280000000.0,97000000.0,-3594000000.0,-110000000.0,1247000000.0,1307000000.0,870000000.0
US0640581007,BK,quarterly,2016-09-30,USD,1668000000.0,4292000000.0,2624000000.0,68000000.0,-503000000.0,2110000000.0,None,2171000000.0,17000000.0,774000000.0,874000000.0,100000000.0,3150000000.0,17000000.0,None,61000000.0,1311000000.0,324000000.0,100000000.0,-3454000000.0,754000000.0,1411000000.0,1472000000.0,987000000.0
US0640581007,BK,quarterly,2016-06-30,USD,3772000000.0,3772000000.0,2611000000.0,64000000.0,3772000000.0,2079000000.0,None,2138000000.0,10000000.0,767000000.0,890000000.0,123000000.0,2999000000.0,10000000.0,None,59000000.0,1163000000.0,290000000.0,123000000.0,873000000.0,711000000.0,1286000000.0,1345000000.0,873000000.0
US0640581007,BK,quarterly,2016-03-31,USD,3680000000.0,3737000000.0,57000000.0,29000000.0,3623000000.0,2090000000.0,None,57000000.0,-6000000.0,766000000.0,883000000.0,117000000.0,2970000000.0,-6000000.0,None,57000000.0,1100000000.0,283000000.0,117000000.0,817000000.0,1027000000.0,1217000000.0,1274000000.0,817000000.0
US0640581007,BK,quarterly,2015-12-31,USD,3721000000.0,3721000000.0,2694000000.0,237000000.0,3721000000.0,2621000000.0,None,9294000000.0,16000000.0,760000000.0,834000000.0,74000000.0,2961000000.0,-53000000.0,None,64000000.0,868000000.0,175000000.0,74000000.0,693000000.0,448000000.0,942000000.0,1006000000.0,693000000.0
US0640581007,BK,quarterly,2015-09-30,USD,1116000000.0,3795000000.0,2679000000.0,29000000.0,1116000000.0,2103000000.0,None,2169000000.0,-22000000.0,759000000.0,838000000.0,79000000.0,3053000000.0,-22000000.0,None,66000000.0,1115000000.0,282000000.0,79000000.0,833000000.0,703000000.0,1194000000.0,1260000000.0,833000000.0
US0640581007,BK,quarterly,2015-06-30,USD,1123000000.0,3849000000.0,2726000000.0,30000000.0,1123000000.0,2112000000.0,None,-2092000000.0,None,779000000.0,847000000.0,68000000.0,3070000000.0,40000000.0,None,65000000.0,1129000000.0,276000000.0,68000000.0,853000000.0,810000000.0,1197000000.0,1262000000.0,853000000.0
US0640581007,BK,quarterly,2015-03-31,USD,1061000000.0,3761000000.0,2700000000.0,30000000.0,-1162000000.0,2157000000.0,None,2223000000.0,None,728000000.0,807000000.0,79000000.0,3033000000.0,121000000.0,None,66000000.0,1059000000.0,280000000.0,79000000.0,779000000.0,231000000.0,1138000000.0,1204000000.0,779000000.0
US0640581007,BK,quarterly,2014-12-31,USD,141000000.0,3665000000.0,3524000000.0,91000000.0,-2125000000.0,2193000000.0,None,2266000000.0,None,712000000.0,802000000.0,90000000.0,2953000000.0,42000000.0,None,73000000.0,140000000.0,-93000000.0,90000000.0,233000000.0,-485000000.0,230000000.0,303000000.0,233000000.0
US0640581007,BK,quarterly,2014-09-30,USD,1620000000.0,4588000000.0,2968000000.0,36000000.0,-624000000.0,2169000000.0,None,2244000000.0,None,721000000.0,809000000.0,88000000.0,3867000000.0,39000000.0,None,75000000.0,1639000000.0,556000000.0,88000000.0,1083000000.0,569000000.0,1727000000.0,1802000000.0,1083000000.0
US0640581007,BK,quarterly,2014-06-30,USD,782000000.0,3728000000.0,2946000000.0,22000000.0,-1420000000.0,1661000000.0,None,2294000000.0,None,719000000.0,811000000.0,92000000.0,3009000000.0,46000000.0,None,75000000.0,794000000.0,217000000.0,92000000.0,577000000.0,864000000.0,886000000.0,961000000.0,577000000.0
US0640581007,BK,quarterly,2014-03-31,USD,888000000.0,3627000000.0,2739000000.0,25000000.0,-1380000000.0,1727000000.0,None,2352000000.0,None,728000000.0,812000000.0,84000000.0,2899000000.0,36000000.0,None,75000000.0,906000000.0,232000000.0,84000000.0,674000000.0,877000000.0,990000000.0,1065000000.0,674000000.0
US0640581007,BK,quarterly,2013-12-31,USD,717000000.0,3594000000.0,2877000000.0,91000000.0,-1633000000.0,1770000000.0,None,2435000000.0,None,761000000.0,846000000.0,85000000.0,2833000000.0,36000000.0,None,82000000.0,711000000.0,172000000.0,85000000.0,539000000.0,986000000.0,796000000.0,878000000.0,539000000.0
US0640581007,BK,quarterly,2013-09-30,USD,980000000.0,3775000000.0,2779000000.0,26000000.0,-1276000000.0,1726000000.0,None,2339000000.0,None,772000000.0,855000000.0,83000000.0,3003000000.0,32000000.0,None,81000000.0,994000000.0,19000000.0,83000000.0,975000000.0,1287000000.0,1077000000.0,1158000000.0,975000000.0
US0640581007,BK,quarterly,2013-06-30,USD,1148000000.0,3986000000.0,2822000000.0,30000000.0,-1177000000.0,1756000000.0,None,2404000000.0,None,757000000.0,836000000.0,79000000.0,3229000000.0,65000000.0,None,93000000.0,1182000000.0,339000000.0,79000000.0,843000000.0,107000000.0,1261000000.0,1354000000.0,843000000.0
US0640581007,BK,quarterly,2013-03-31,USD,769000000.0,3613000000.0,2828000000.0,22000000.0,-1455000000.0,1680000000.0,None,2320000000.0,None,719000000.0,815000000.0,96000000.0,2894000000.0,50000000.0,None,86000000.0,809000000.0,1062000000.0,96000000.0,-253000000.0,-525000000.0,905000000.0,991000000.0,-253000000.0
US0640581007,BK,quarterly,2012-12-31,USD,781000000.0,3606000000.0,2825000000.0,57000000.0,-1489000000.0,1696000000.0,None,2388000000.0,None,725000000.0,843000000.0,118000000.0,2881000000.0,42000000.0,None,96000000.0,842000000.0,207000000.0,118000000.0,627000000.0,463000000.0,960000000.0,1056000000.0,635000000.0
US0640581007,BK,quarterly,2012-09-30,USD,945000000.0,3650000000.0,2705000000.0,27000000.0,-1214000000.0,1623000000.0,None,2287000000.0,None,749000000.0,877000000.0,128000000.0,2901000000.0,47000000.0,None,95000000.0,950000000.0,225000000.0,128000000.0,725000000.0,1534000000.0,1078000000.0,1173000000.0,725000000.0
US0640581007,BK,quarterly,2012-06-30,USD,541000000.0,3588000000.0,3047000000.0,16000000.0,-1619000000.0,1613000000.0,None,2301000000.0,None,734000000.0,875000000.0,141000000.0,2854000000.0,57000000.0,None,97000000.0,559000000.0,93000000.0,141000000.0,466000000.0,415000000.0,700000000.0,797000000.0,466000000.0
US0640581007,BK,quarterly,2012-03-31,USD,879000000.0,3635000000.0,2756000000.0,24000000.0,-1291000000.0,1628000000.0,None,2317000000.0,None,765000000.0,912000000.0,147000000.0,2870000000.0,43000000.0,None,96000000.0,873000000.0,254000000.0,147000000.0,619000000.0,1017000000.0,1020000000.0,1116000000.0,619000000.0
US0640581007,BK,quarterly,2011-12-31,USD,740000000.0,3568000000.0,2828000000.0,168000000.0,-1433000000.0,1586000000.0,None,2318000000.0,None,780000000.0,925000000.0,145000000.0,2788000000.0,-5000000.0,None,106000000.0,716000000.0,211000000.0,145000000.0,505000000.0,-118000000.0,861000000.0,967000000.0,505000000.0
US0640581007,BK,quarterly,2011-09-30,USD,910000000.0,3681000000.0,2771000000.0,26000000.0,-1285000000.0,1627000000.0,None,2348000000.0,None,775000000.0,928000000.0,153000000.0,2906000000.0,32000000.0,None,106000000.0,932000000.0,281000000.0,153000000.0,651000000.0,398000000.0,1085000000.0,1191000000.0,651000000.0
US0640581007,BK,quarterly,2011-06-30,USD,1013000000.0,3829000000.0,2816000000.0,27000000.0,-1214000000.0,1657000000.0,None,2422000000.0,None,731000000.0,887000000.0,156000000.0,3098000000.0,63000000.0,None,108000000.0,1747000000.0,277000000.0,195000000.0,735000000.0,987000000.0,1903000000.0,2011000000.0,1470000000.0
US0640581007,BK,quarterly,2011-03-31,USD,905000000.0,3602000000.0,2697000000.0,26000000.0,-1241000000.0,1602000000.0,None,2315000000.0,None,698000000.0,848000000.0,150000000.0,2904000000.0,110000000.0,None,108000000.0,1529000000.0,279000000.0,169000000.0,625000000.0,977000000.0,1679000000.0,1787000000.0,1250000000.0
US0640581007,BK,quarterly,2010-12-31,USD,934000000.0,3737000000.0,2803000000.0,150000000.0,-1281000000.0,1622000000.0,None,2408000000.0,None,720000000.0,913000000.0,193000000.0,3017000000.0,124000000.0,None,115000000.0,944000000.0,265000000.0,193000000.0,690000000.0,756000000.0,1137000000.0,1252000000.0,679000000.0
US0640581007,BK,quarterly,2010-09-30,USD,824000000.0,3435000000.0,2611000000.0,24000000.0,-1249000000.0,1515000000.0,None,2230000000.0,None,718000000.0,859000000.0,141000000.0,2717000000.0,37000000.0,None,111000000.0,842000000.0,220000000.0,157000000.0,625000000.0,1162000000.0,983000000.0,1094000000.0,622000000.0
US0640581007,BK,quarterly,2010-06-30,USD,993000000.0,3309000000.0,2332000000.0,30000000.0,-882000000.0,1393000000.0,None,2015000000.0,None,722000000.0,862000000.0,140000000.0,2587000000.0,65000000.0,None,98000000.0,962000000.0,304000000.0,140000000.0,668000000.0,749000000.0,1102000000.0,1200000000.0,658000000.0
US0640581007,BK,quarterly,2010-03-31,USD,-1730000000.0,3335000000.0,2460000000.0,26000000.0,-3578000000.0,1366000000.0,None,1966000000.0,None,765000000.0,883000000.0,118000000.0,2570000000.0,None,None,97000000.0,817000000.0,258000000.0,118000000.0,601000000.0,756000000.0,935000000.0,1032000000.0,559000000.0
US0640581007,BK,quarterly,2009-12-31,USD,-1923000000.0,3301000000.0,2582000000.0,195000000.0,-3983000000.0,1395000000.0,None,2190000000.0,None,724000000.0,854000000.0,130000000.0,2577000000.0,None,None,107000000.0,1105000000.0,-41000000.0,130000000.0,712000000.0,680000000.0,1235000000.0,1342000000.0,1146000000.0
US0640581007,BK,quarterly,2009-09-30,USD,-3729000000.0,-1604000000.0,2318000000.0,260000000.0,-5532000000.0,1297000000.0,None,1916000000.0,None,716000000.0,829000000.0,113000000.0,-2223000000.0,None,None,104000000.0,-3985000000.0,-1527000000.0,113000000.0,-2439000000.0,703000000.0,-3872000000.0,-3768000000.0,-2458000000.0
US0640581007,BK,quarterly,2009-06-30,USD,763000000.0,2957000000.0,2383000000.0,18000000.0,-1025000000.0,1295000000.0,None,1933000000.0,None,700000000.0,845000000.0,145000000.0,2257000000.0,None,None,108000000.0,188000000.0,12000000.0,145000000.0,503000000.0,176000000.0,333000000.0,441000000.0,176000000.0
US0640581007,BK,quarterly,2009-03-31,USD,2912000000.0,2930000000.0,18000000.0,18000000.0,322000000.0,1413000000.0,None,2590000000.0,None,775000000.0,979000000.0,204000000.0,2136000000.0,None,None,152000000.0,483000000.0,161000000.0,None,410000000.0,481000000.0,687000000.0,865000000.0,322000000.0
US0640581007,BK,quarterly,2008-12-31,USD,2763000000.0,2763000000.0,532000000.0,532000000.0,481000000.0,1154000000.0,None,-2282000000.0,None,1047000000.0,1525000000.0,478000000.0,1817000000.0,None,None,116000000.0,-64000000.0,-137000000.0,None,83000000.0,None,414000000.0,597000000.0,73000000.0
US0640581007,BK,quarterly,2008-09-30,USD,3618000000.0,3626000000.0,8000000.0,8000000.0,305000000.0,1218000000.0,None,36000000.0,None,681000000.0,1312000000.0,631000000.0,2926000000.0,None,None,223000000.0,261000000.0,-42000000.0,None,303000000.0,None,892000000.0,1121000000.0,303000000.0
US0640581007,BK,quarterly,2008-06-30,USD,3379000000.0,3397000000.0,18000000.0,18000000.0,302000000.0,1391000000.0,None,34000000.0,None,388000000.0,1065000000.0,677000000.0,2989000000.0,None,None,243000000.0,621000000.0,312000000.0,None,None,None,1298000000.0,1545000000.0,309000000.0
US5949181045,MSFT,annual,2023-06-30,USD,146052000000.0,209747000000.0,100049000000.0,65863000000.0,88523000000.0,30334000000.0,27195000000.0,61381000000.0,2994000000.0,-1968000000.0,1041000000.0,1968000000.0,211715000000.0,-223000000.0,11000000000.0,3852000000.0,89311000000.0,16950000000.0,1968000000.0,72361000000.0,70696000000.0,91279000000.0,95131000000.0,72361000000.0
US5949181045,MSFT,annual,2022-06-30,USD,135620000000.0,196109000000.0,93355000000.0,62650000000.0,83383000000.0,27725000000.0,24512000000.0,55217000000.0,2094000000.0,-2063000000.0,2094000000.0,2063000000.0,198172000000.0,-32000000.0,12600000000.0,2980000000.0,83716000000.0,10978000000.0,2063000000.0,72738000000.0,66238000000.0,85779000000.0,88759000000.0,72738000000.0
US5949181045,MSFT,annual,2021-06-30,USD,115856000000.0,165936000000.0,79977000000.0,52232000000.0,69916000000.0,25224000000.0,20716000000.0,48461000000.0,2131000000.0,-2346000000.0,2131000000.0,2346000000.0,168282000000.0,98000000.0,9300000000.0,2521000000.0,71102000000.0,9831000000.0,2346000000.0,61271000000.0,59897000000.0,73448000000.0,75969000000.0,61271000000.0
US5949181045,MSFT,annual,2020-06-30,USD,96937000000.0,140503000000.0,73159000000.0,46078000000.0,52959000000.0,24709000000.0,19269000000.0,46350000000.0,2680000000.0,-2591000000.0,2680000000.0,2591000000.0,143094000000.0,-40000000.0,10700000000.0,2211000000.0,53036000000.0,8755000000.0,2591000000.0,44281000000.0,47807000000.0,55627000000.0,57838000000.0,44281000000.0
US5949181045,MSFT,annual,2019-06-30,USD,82933000000.0,123495000000.0,67908000000.0,42910000000.0,42959000000.0,23098000000.0,16876000000.0,41874000000.0,2762000000.0,-2686000000.0,812000000.0,2686000000.0,126181000000.0,-57000000.0,9700000000.0,1900000000.0,43688000000.0,4448000000.0,2686000000.0,39240000000.0,41154000000.0,46374000000.0,48274000000.0,39240000000.0
US5949181045,MSFT,annual,2018-06-30,USD,72007000000.0,107222000000.0,62776000000.0,38353000000.0,35058000000.0,22223000000.0,14726000000.0,39149000000.0,2214000000.0,-2733000000.0,1522000000.0,2733000000.0,109955000000.0,-59000000.0,7700000000.0,2200000000.0,36474000000.0,19903000000.0,2733000000.0,16571000000.0,13715000000.0,39207000000.0,41407000000.0,16571000000.0
US5949181045,MSFT,annual,2017-06-30,USD,62310000000.0,96571000000.0,34261000000.0,34261000000.0,29025000000.0,20020000000.0,13037000000.0,35063000000.0,1387000000.0,-2222000000.0,1182000000.0,2222000000.0,-674000000.0,-251000000.0,6100000000.0,1700000000.0,29901000000.0,4412000000.0,2222000000.0,21204000000.0,24322000000.0,32123000000.0,33823000000.0,25489000000.0
US5949181045,MSFT,annual,2016-06-30,USD,58374000000.0,91154000000.0,32780000000.0,32780000000.0,26078000000.0,19260000000.0,11988000000.0,33357000000.0,903000000.0,-1243000000.0,78000000.0,1243000000.0,-564000000.0,-195000000.0,4900000000.0,978000000.0,25639000000.0,5100000000.0,1243000000.0,16798000000.0,19811000000.0,26882000000.0,27860000000.0,20539000000.0
US5949181045,MSFT,annual,2015-06-30,USD,60542000000.0,93580000000.0,33038000000.0,21410000000.0,18161000000.0,20324000000.0,12046000000.0,42381000000.0,766000000.0,-781000000.0,None,781000000.0,-88000000.0,-267000000.0,4100000000.0,1300000000.0,18507000000.0,6314000000.0,781000000.0,12193000000.0,11007000000.0,19288000000.0,20588000000.0,12193000000.0
US5949181045,MSFT,annual,2014-06-30,USD,59755000000.0,86833000000.0,27078000000.0,16681000000.0,27759000000.0,20632000000.0,11381000000.0,31996000000.0,883000000.0,-597000000.0,None,597000000.0,-199000000.0,-169000000.0,3400000000.0,845000000.0,27820000000.0,5746000000.0,597000000.0,22074000000.0,24039000000.0,28417000000.0,29262000000.0,22074000000.0
US5949181045,MSFT,annual,2013-06-30,USD,57464000000.0,77849000000.0,20385000000.0,20385000000.0,26764000000.0,20425000000.0,10411000000.0,30700000000.0,677000000.0,-429000000.0,None,429000000.0,-270000000.0,194000000.0,2600000000.0,739000000.0,27052000000.0,5189000000.0,429000000.0,21863000000.0,22184000000.0,27481000000.0,28220000000.0,21863000000.0
US5949181045,MSFT,annual,2012-06-30,USD,56193000000.0,73723000000.0,17530000000.0,17530000000.0,21763000000.0,18426000000.0,9811000000.0,34430000000.0,800000000.0,-380000000.0,None,380000000.0,-481000000.0,1000000.0,2200000000.0,558000000.0,22267000000.0,5289000000.0,380000000.0,16978000000.0,16537000000.0,22647000000.0,23205000000.0,16978000000.0
US5949181045,MSFT,annual,2011-06-30,USD,54366000000.0,69943000000.0,15577000000.0,15577000000.0,27161000000.0,18162000000.0,9043000000.0,27205000000.0,900000000.0,-295000000.0,None,295000000.0,-103000000.0,-31000000.0,2000000000.0,537000000.0,28071000000.0,4921000000.0,295000000.0,23150000000.0,23958000000.0,28366000000.0,28903000000.0,23150000000.0
US5949181045,MSFT,annual,2010-06-30,USD,50089000000.0,62484000000.0,12395000000.0,12395000000.0,24098000000.0,17218000000.0,8714000000.0,26989000000.0,843000000.0,-151000000.0,None,151000000.0,-139000000.0,14000000.0,1800000000.0,707000000.0,25013000000.0,6253000000.0,151000000.0,18760000000.0,18846000000.0,25164000000.0,25871000000.0,18760000000.0
US5949181045,MSFT,quarterly,2024-09-30,USD,45486000000.0,65488000000.0,29585000000.0,20099000000.0,30552000000.0,7390000000.0,7544000000.0,17030000000.0,681000000.0,99000000.0,681000000.0,582000000.0,65488000000.0,-683000000.0,None,2096000000.0,30269000000.0,5602000000.0,582000000.0,24667000000.0,26075000000.0,30552000000.0,32648000000.0,24667000000.0
US5949181045,MSFT,quarterly,2024-03-31,USD,43353000000.0,60911000000.0,28477000000.0,18505000000.0,27581000000.0,8119000000.0,7653000000.0,17625000000.0,619000000.0,-800000000.0,619000000.0,800000000.0,61711000000.0,-486000000.0,None,1853000000.0,26727000000.0,4788000000.0,800000000.0,21939000000.0,21453000000.0,27527000000.0,29380000000.0,21939000000.0
US5949181045,MSFT,quarterly,2023-12-31,USD,42397000000.0,60849000000.0,29554000000.0,19623000000.0,27032000000.0,8223000000.0,7142000000.0,17073000000.0,734000000.0,-909000000.0,734000000.0,909000000.0,61758000000.0,-169000000.0,None,1708000000.0,26526000000.0,4656000000.0,909000000.0,21870000000.0,23858000000.0,27435000000.0,29143000000.0,21870000000.0
US5949181045,MSFT,quarterly,2023-09-30,USD,40215000000.0,56029000000.0,23979000000.0,16302000000.0,26895000000.0,6661000000.0,6659000000.0,14336000000.0,1166000000.0,-525000000.0,1166000000.0,525000000.0,56554000000.0,-137000000.0,None,1016000000.0,27284000000.0,4993000000.0,525000000.0,22291000000.0,21697000000.0,27809000000.0,28825000000.0,22291000000.0
US5949181045,MSFT,quarterly,2023-06-30,USD,39394000000.0,55659000000.0,26154000000.0,16795000000.0,24254000000.0,8401000000.0,6739000000.0,16098000000.0,905000000.0,-482000000.0,905000000.0,482000000.0,56141000000.0,-61000000.0,None,958000000.0,24727000000.0,4646000000.0,482000000.0,20081000000.0,19382000000.0,25209000000.0,26167000000.0,20081000000.0
US5949181045,MSFT,quarterly,2023-03-31,USD,36729000000.0,52405000000.0,24481000000.0,16128000000.0,22352000000.0,7393000000.0,6984000000.0,15337000000.0,748000000.0,-496000000.0,748000000.0,496000000.0,52901000000.0,-93000000.0,None,960000000.0,22673000000.0,4374000000.0,496000000.0,18299000000.0,19112000000.0,23169000000.0,24129000000.0,18299000000.0
US5949181045,MSFT,quarterly,2022-12-31,USD,35259000000.0,52032000000.0,27393000000.0,17488000000.0,20399000000.0,8016000000.0,6844000000.0,16749000000.0,700000000.0,-490000000.0,700000000.0,490000000.0,52522000000.0,-38000000.0,None,1089000000.0,20339000000.0,3914000000.0,490000000.0,16425000000.0,17311000000.0,20829000000.0,21918000000.0,16425000000.0
US5949181045,MSFT,quarterly,2022-09-30,USD,34670000000.0,49636000000.0,22798000000.0,15452000000.0,21518000000.0,6524000000.0,6628000000.0,13974000000.0,641000000.0,-500000000.0,641000000.0,500000000.0,50136000000.0,-31000000.0,None,822000000.0,21572000000.0,4016000000.0,500000000.0,17556000000.0,14891000000.0,22072000000.0,22894000000.0,17556000000.0
US5949181045,MSFT,quarterly,2022-06-30,USD,35436000000.0,51406000000.0,25283000000.0,16429000000.0,20534000000.0,8053000000.0,6849000000.0,15703000000.0,552000000.0,-496000000.0,552000000.0,496000000.0,51902000000.0,-23000000.0,None,801000000.0,20487000000.0,3747000000.0,496000000.0,16740000000.0,14538000000.0,20983000000.0,21784000000.0,16740000000.0
US5949181045,MSFT,quarterly,2022-03-31,USD,33745000000.0,48732000000.0,23481000000.0,15615000000.0,20364000000.0,7075000000.0,6306000000.0,14172000000.0,519000000.0,-503000000.0,519000000.0,503000000.0,49235000000.0,-11000000.0,None,791000000.0,20190000000.0,3462000000.0,503000000.0,16728000000.0,13815000000.0,20693000000.0,21484000000.0,16728000000.0
US5949181045,MSFT,quarterly,2021-12-31,USD,34768000000.0,51228000000.0,24433000000.0,16960000000.0,22247000000.0,6763000000.0,5758000000.0,13231000000.0,503000000.0,-525000000.0,503000000.0,525000000.0,51753000000.0,-4000000.0,None,710000000.0,22515000000.0,3750000000.0,525000000.0,18765000000.0,17919000000.0,23040000000.0,23750000000.0,18765000000.0
US5949181045,MSFT,quarterly,2021-09-30,USD,31671000000.0,44743000000.0,20145000000.0,13646000000.0,20238000000.0,5834000000.0,5599000000.0,12098000000.0,520000000.0,-539000000.0,520000000.0,539000000.0,45282000000.0,6000000.0,None,665000000.0,20524000000.0,19000000.0,539000000.0,20505000000.0,19966000000.0,21063000000.0,21728000000.0,20505000000.0
US5949181045,MSFT,quarterly,2021-06-30,USD,32161000000.0,45595000000.0,22025000000.0,13991000000.0,19095000000.0,7379000000.0,5687000000.0,13721000000.0,497000000.0,-553000000.0,497000000.0,553000000.0,46148000000.0,22000000.0,None,655000000.0,19405000000.0,2947000000.0,553000000.0,16458000000.0,16818000000.0,19958000000.0,20613000000.0,16458000000.0
US5949181045,MSFT,quarterly,2021-03-31,USD,28661000000.0,41059000000.0,20070000000.0,13045000000.0,17048000000.0,6409000000.0,5204000000.0,12229000000.0,519000000.0,-633000000.0,519000000.0,633000000.0,41692000000.0,6000000.0,None,616000000.0,17236000000.0,1779000000.0,633000000.0,15457000000.0,13552000000.0,17869000000.0,18485000000.0,15457000000.0
US5949181045,MSFT,quarterly,2020-12-31,USD,28882000000.0,42558000000.0,20907000000.0,14194000000.0,17897000000.0,6086000000.0,4899000000.0,11612000000.0,545000000.0,-571000000.0,545000000.0,571000000.0,43129000000.0,70000000.0,None,627000000.0,18337000000.0,2874000000.0,571000000.0,15463000000.0,15720000000.0,18908000000.0,19535000000.0,15463000000.0
US5949181045,MSFT,quarterly,2020-09-30,USD,26152000000.0,36724000000.0,16941000000.0,11002000000.0,15876000000.0,5350000000.0,4926000000.0,10865000000.0,570000000.0,-589000000.0,None,589000000.0,37313000000.0,0.0,None,589000000.0,16124000000.0,2231000000.0,589000000.0,13893000000.0,13807000000.0,16713000000.0,17302000000.0,13893000000.0
US5949181045,MSFT,quarterly,2020-06-30,USD,25694000000.0,38033000000.0,20161000000.0,12339000000.0,13407000000.0,7073000000.0,5214000000.0,13036000000.0,595000000.0,-686000000.0,None,686000000.0,38033000000.0,0.0,None,588000000.0,13422000000.0,2220000000.0,686000000.0,13407000000.0,11712000000.0,14108000000.0,14696000000.0,11202000000.0
US5949181045,MSFT,quarterly,2020-03-31,USD,24046000000.0,34315000000.0,17650000000.0,10975000000.0,12975000000.0,6184000000.0,4887000000.0,11562000000.0,673000000.0,-614000000.0,153000000.0,614000000.0,34929000000.0,-3000000.0,None,491000000.0,12843000000.0,2091000000.0,614000000.0,10752000000.0,13683000000.0,13457000000.0,13948000000.0,10752000000.0
US5949181045,MSFT,quarterly,2019-12-31,USD,24548000000.0,36322000000.0,18986000000.0,12358000000.0,13891000000.0,6054000000.0,4603000000.0,11231000000.0,688000000.0,-654000000.0,281000000.0,654000000.0,36976000000.0,-19000000.0,None,574000000.0,14085000000.0,2436000000.0,654000000.0,11649000000.0,11455000000.0,14739000000.0,15313000000.0,11649000000.0
US5949181045,MSFT,quarterly,2019-09-30,USD,22649000000.0,32428000000.0,16363000000.0,10406000000.0,12686000000.0,5398000000.0,4565000000.0,10522000000.0,724000000.0,-637000000.0,139000000.0,637000000.0,33065000000.0,-18000000.0,None,559000000.0,12686000000.0,2008000000.0,637000000.0,10678000000.0,10957000000.0,13323000000.0,13882000000.0,10678000000.0
US5949181045,MSFT,quarterly,2019-06-30,USD,23305000000.0,33717000000.0,17199000000.0,10412000000.0,12405000000.0,6387000000.0,4513000000.0,11300000000.0,709000000.0,-669000000.0,321000000.0,669000000.0,33717000000.0,-121000000.0,None,400000000.0,12596000000.0,-591000000.0,669000000.0,12405000000.0,14112000000.0,13265000000.0,13665000000.0,13187000000.0
US5949181045,MSFT,quarterly,2019-03-31,USD,20401000000.0,29993000000.0,16345000000.0,10170000000.0,10341000000.0,5744000000.0,4316000000.0,10491000000.0,668000000.0,-671000000.0,None,671000000.0,30664000000.0,16000000.0,None,431000000.0,10486000000.0,1677000000.0,671000000.0,8809000000.0,9557000000.0,11157000000.0,11588000000.0,8809000000.0
US5949181045,MSFT,quarterly,2018-12-31,USD,20048000000.0,31796000000.0,18673000000.0,12423000000.0,10258000000.0,5720000000.0,4070000000.0,10320000000.0,704000000.0,-672000000.0,None,672000000.0,32468000000.0,34000000.0,None,530000000.0,10385000000.0,1965000000.0,672000000.0,8420000000.0,9022000000.0,11057000000.0,11587000000.0,8420000000.0
US5949181045,MSFT,quarterly,2018-09-30,USD,19179000000.0,28615000000.0,15708000000.0,9905000000.0,9955000000.0,5247000000.0,3977000000.0,9780000000.0,681000000.0,-674000000.0,None,674000000.0,29289000000.0,14000000.0,None,556000000.0,10221000000.0,1397000000.0,674000000.0,8824000000.0,8463000000.0,10895000000.0,11451000000.0,8824000000.0
US5949181045,MSFT,quarterly,2018-06-30,USD,20343000000.0,30085000000.0,34165000000.0,9742000000.0,10379000000.0,6031000000.0,3933000000.0,10464000000.0,636000000.0,-672000000.0,None,672000000.0,30085000000.0,-61000000.0,None,500000000.0,10680000000.0,1807000000.0,672000000.0,10379000000.0,7797000000.0,11352000000.0,11852000000.0,8873000000.0
US5949181045,MSFT,quarterly,2018-03-31,USD,17550000000.0,26819000000.0,9269000000.0,9269000000.0,8292000000.0,5543000000.0,3715000000.0,9818000000.0,575000000.0,-691000000.0,None,691000000.0,-52000000.0,7000000.0,None,560000000.0,8641000000.0,1217000000.0,691000000.0,7424000000.0,6670000000.0,9332000000.0,9892000000.0,7424000000.0
US5949181045,MSFT,quarterly,2017-12-31,USD,17854000000.0,28918000000.0,11064000000.0,11064000000.0,8679000000.0,5671000000.0,3504000000.0,9737000000.0,530000000.0,-698000000.0,None,698000000.0,-144000000.0,34000000.0,None,562000000.0,9169000000.0,15471000000.0,698000000.0,-6302000000.0,-7227000000.0,9867000000.0,10429000000.0,-6302000000.0
US5949181045,MSFT,quarterly,2017-09-30,USD,16260000000.0,24538000000.0,8278000000.0,8278000000.0,7708000000.0,4978000000.0,3574000000.0,9115000000.0,473000000.0,-672000000.0,None,672000000.0,-59000000.0,-39000000.0,None,563000000.0,7984000000.0,1408000000.0,672000000.0,6576000000.0,6475000000.0,8656000000.0,9219000000.0,6576000000.0
US5949181045,MSFT,quarterly,2017-06-30,USD,17149000000.0,25605000000.0,8456000000.0,22227000000.0,7682000000.0,5711000000.0,3514000000.0,10131000000.0,403000000.0,-655000000.0,None,655000000.0,25605000000.0,-24000000.0,None,600000000.0,7958000000.0,-111000000.0,655000000.0,5330000000.0,7855000000.0,8613000000.0,9213000000.0,8069000000.0
US5949181045,MSFT,quarterly,2017-03-31,USD,15152000000.0,23212000000.0,8060000000.0,3075000000.0,6723000000.0,5081000000.0,3355000000.0,8996000000.0,380000000.0,-609000000.0,None,609000000.0,-200000000.0,-40000000.0,None,560000000.0,7094000000.0,1608000000.0,609000000.0,4801000000.0,5675000000.0,7703000000.0,8263000000.0,5486000000.0
US5949181045,MSFT,quarterly,2016-12-31,USD,15925000000.0,25826000000.0,9901000000.0,5378000000.0,7905000000.0,4950000000.0,3062000000.0,8327000000.0,311000000.0,-521000000.0,None,521000000.0,-128000000.0,-172000000.0,None,315000000.0,8022000000.0,1755000000.0,521000000.0,5200000000.0,4961000000.0,8543000000.0,8858000000.0,6267000000.0
US5949181045,MSFT,quarterly,2016-09-30,USD,14084000000.0,21928000000.0,7844000000.0,3581000000.0,6715000000.0,4278000000.0,3106000000.0,7598000000.0,293000000.0,-437000000.0,None,437000000.0,-146000000.0,-15000000.0,None,214000000.0,6827000000.0,1160000000.0,437000000.0,4690000000.0,5831000000.0,7264000000.0,7478000000.0,5667000000.0
US5949181045,MSFT,quarterly,2016-06-30,USD,12635000000.0,20614000000.0,7979000000.0,18676000000.0,3080000000.0,5299000000.0,3146000000.0,9814000000.0,274000000.0,-345000000.0,None,345000000.0,-98000000.0,-39000000.0,None,238000000.0,5494000000.0,2372000000.0,345000000.0,3080000000.0,6817000000.0,5839000000.0,6077000000.0,3122000000.0
US5949181045,MSFT,quarterly,2016-03-31,USD,12809000000.0,20531000000.0,7722000000.0,3801000000.0,5283000000.0,4546000000.0,2980000000.0,7775000000.0,230000000.0,-340000000.0,None,340000000.0,-173000000.0,-49000000.0,None,249000000.0,5036000000.0,1280000000.0,340000000.0,3756000000.0,3823000000.0,5376000000.0,5625000000.0,3756000000.0
US5949181045,MSFT,quarterly,2015-12-31,USD,13924000000.0,23796000000.0,9872000000.0,6268000000.0,6026000000.0,4998000000.0,2900000000.0,8147000000.0,200000000.0,-309000000.0,None,309000000.0,-154000000.0,-14000000.0,None,249000000.0,5855000000.0,837000000.0,309000000.0,4998000000.0,5053000000.0,6164000000.0,6413000000.0,5018000000.0
US5949181045,MSFT,quarterly,2015-09-30,USD,13172000000.0,20379000000.0,7207000000.0,4035000000.0,5793000000.0,4417000000.0,2962000000.0,7621000000.0,199000000.0,-249000000.0,None,249000000.0,-139000000.0,-93000000.0,None,242000000.0,5513000000.0,611000000.0,249000000.0,4620000000.0,4118000000.0,5762000000.0,6004000000.0,4902000000.0
US5949181045,MSFT,quarterly,2015-06-30,USD,14712000000.0,22180000000.0,7468000000.0,7468000000.0,-2053000000.0,5233000000.0,3094000000.0,16765000000.0,198000000.0,-247000000.0,None,247000000.0,191000000.0,4000000.0,None,200000000.0,-1756000000.0,1439000000.0,247000000.0,14712000000.0,-4144000000.0,-1509000000.0,-1309000000.0,-3195000000.0
US5949181045,MSFT,quarterly,2015-03-31,USD,14568000000.0,21729000000.0,7161000000.0,7161000000.0,6594000000.0,4800000000.0,2984000000.0,7974000000.0,160000000.0,-211000000.0,None,211000000.0,-168000000.0,-27000000.0,None,361000000.0,6517000000.0,1532000000.0,211000000.0,4985000000.0,5073000000.0,6728000000.0,7089000000.0,4985000000.0
US5949181045,MSFT,quarterly,2014-12-31,USD,16334000000.0,26470000000.0,10136000000.0,10136000000.0,7776000000.0,5412000000.0,2903000000.0,8558000000.0,183000000.0,-162000000.0,None,162000000.0,6000000.0,-209000000.0,None,329000000.0,7850000000.0,1987000000.0,162000000.0,5863000000.0,5489000000.0,8012000000.0,8341000000.0,5863000000.0
US5949181045,MSFT,quarterly,2014-09-30,USD,14928000000.0,23201000000.0,8273000000.0,8273000000.0,5844000000.0,4879000000.0,3065000000.0,7944000000.0,225000000.0,-161000000.0,None,161000000.0,-267000000.0,-35000000.0,None,372000000.0,5896000000.0,1356000000.0,161000000.0,4540000000.0,4589000000.0,6057000000.0,6429000000.0,4540000000.0
US5949181045,MSFT,quarterly,2014-06-30,USD,15749000000.0,23382000000.0,7633000000.0,7595000000.0,6482000000.0,6055000000.0,3123000000.0,9267000000.0,265000000.0,-169000000.0,None,169000000.0,-222000000.0,-66000000.0,None,347000000.0,6577000000.0,1965000000.0,169000000.0,15787000000.0,4988000000.0,6746000000.0,7093000000.0,4612000000.0
US5949181045,MSFT,quarterly,2014-03-31,USD,14425000000.0,20403000000.0,5978000000.0,5978000000.0,6974000000.0,4745000000.0,2743000000.0,7451000000.0,220000000.0,-175000000.0,None,175000000.0,-28000000.0,-72000000.0,None,170000000.0,6957000000.0,1297000000.0,175000000.0,5660000000.0,5715000000.0,7132000000.0,7302000000.0,5660000000.0
US5949181045,MSFT,quarterly,2013-12-31,USD,16197000000.0,24519000000.0,8322000000.0,8322000000.0,7969000000.0,5518000000.0,2748000000.0,8228000000.0,219000000.0,-135000000.0,None,135000000.0,-7000000.0,-111000000.0,None,166000000.0,7878000000.0,1320000000.0,135000000.0,6558000000.0,7104000000.0,8013000000.0,8179000000.0,6558000000.0
US5949181045,MSFT,quarterly,2013-09-30,USD,13384000000.0,18529000000.0,5145000000.0,5145000000.0,6334000000.0,4314000000.0,2767000000.0,7050000000.0,179000000.0,-118000000.0,None,118000000.0,58000000.0,80000000.0,None,162000000.0,6408000000.0,1164000000.0,118000000.0,5244000000.0,6232000000.0,6526000000.0,6688000000.0,5244000000.0
US5949181045,MSFT,quarterly,2013-06-30,USD,14294000000.0,20032000000.0,5738000000.0,5602000000.0,6073000000.0,5438000000.0,2783000000.0,8085000000.0,202000000.0,-120000000.0,None,120000000.0,-146000000.0,105000000.0,None,176000000.0,6145000000.0,1180000000.0,120000000.0,14294000000.0,4503000000.0,6265000000.0,6441000000.0,4965000000.0
US5949181045,MSFT,quarterly,2013-03-31,USD,15702000000.0,20489000000.0,4787000000.0,4787000000.0,7612000000.0,5450000000.0,2640000000.0,8090000000.0,150000000.0,-109000000.0,None,109000000.0,-27000000.0,-80000000.0,None,187000000.0,7603000000.0,1548000000.0,109000000.0,6055000000.0,6254000000.0,7712000000.0,7899000000.0,6055000000.0
US5949181045,MSFT,quarterly,2012-12-31,USD,15764000000.0,21456000000.0,5692000000.0,5692000000.0,7771000000.0,5465000000.0,2528000000.0,7993000000.0,166000000.0,-105000000.0,None,105000000.0,-72000000.0,-33000000.0,None,198000000.0,7770000000.0,1393000000.0,105000000.0,6377000000.0,6563000000.0,7875000000.0,8073000000.0,6377000000.0
US5949181045,MSFT,quarterly,2012-09-30,USD,11840000000.0,16008000000.0,4168000000.0,4168000000.0,5308000000.0,4072000000.0,2460000000.0,6532000000.0,159000000.0,-95000000.0,None,95000000.0,-25000000.0,202000000.0,None,178000000.0,5534000000.0,1068000000.0,95000000.0,4466000000.0,4864000000.0,5629000000.0,5807000000.0,4466000000.0
US5949181045,MSFT,quarterly,2012-06-30,USD,13896000000.0,18059000000.0,4163000000.0,4163000000.0,192000000.0,4917000000.0,2594000000.0,13704000000.0,227000000.0,-96000000.0,None,96000000.0,-151000000.0,-25000000.0,None,152000000.0,359000000.0,851000000.0,96000000.0,7703000000.0,-402000000.0,455000000.0,607000000.0,-492000000.0
US5949181045,MSFT,quarterly,2012-03-31,USD,13455000000.0,17407000000.0,3952000000.0,3952000000.0,6374000000.0,4564000000.0,2517000000.0,7081000000.0,180000000.0,-95000000.0,None,95000000.0,-110000000.0,-20000000.0,None,142000000.0,6363000000.0,1255000000.0,95000000.0,5108000000.0,5614000000.0,6458000000.0,6600000000.0,5108000000.0
US5949181045,MSFT,quarterly,2011-12-31,USD,15247000000.0,20885000000.0,5638000000.0,5638000000.0,7994000000.0,4882000000.0,2371000000.0,7253000000.0,182000000.0,-95000000.0,None,95000000.0,-207000000.0,50000000.0,None,155000000.0,8239000000.0,1615000000.0,95000000.0,6624000000.0,6699000000.0,8334000000.0,8489000000.0,6624000000.0
US5949181045,MSFT,quarterly,2011-09-30,USD,13595000000.0,17372000000.0,3777000000.0,3777000000.0,7203000000.0,4063000000.0,2329000000.0,6392000000.0,211000000.0,-94000000.0,None,94000000.0,-13000000.0,-4000000.0,None,109000000.0,7306000000.0,1568000000.0,94000000.0,5738000000.0,4626000000.0,7400000000.0,7509000000.0,5738000000.0
US5949181045,MSFT,quarterly,2011-06-30,USD,13659000000.0,17367000000.0,3708000000.0,3708000000.0,6171000000.0,5095000000.0,2393000000.0,7325000000.0,269000000.0,-94000000.0,None,94000000.0,-127000000.0,0.0,None,125000000.0,6319000000.0,445000000.0,94000000.0,13659000000.0,6682000000.0,6413000000.0,6538000000.0,5874000000.0
US5949181045,MSFT,quarterly,2011-03-31,USD,12531000000.0,16428000000.0,3897000000.0,3897000000.0,5709000000.0,4553000000.0,2269000000.0,6971000000.0,216000000.0,-84000000.0,None,84000000.0,-10000000.0,7000000.0,None,162000000.0,6025000000.0,793000000.0,84000000.0,5232000000.0,5232000000.0,6109000000.0,6271000000.0,5232000000.0
US5949181045,MSFT,quarterly,2010-12-31,USD,15120000000.0,19953000000.0,4833000000.0,4833000000.0,8165000000.0,4770000000.0,2185000000.0,6919000000.0,205000000.0,-72000000.0,None,72000000.0,81000000.0,0.0,None,126000000.0,8497000000.0,1863000000.0,72000000.0,6634000000.0,6634000000.0,8569000000.0,8695000000.0,6634000000.0
US5949181045,MSFT,quarterly,2010-09-30,USD,13056000000.0,16195000000.0,3139000000.0,3139000000.0,7116000000.0,3744000000.0,2196000000.0,5990000000.0,210000000.0,-45000000.0,None,45000000.0,-47000000.0,-38000000.0,None,124000000.0,7230000000.0,1820000000.0,45000000.0,5410000000.0,5410000000.0,7275000000.0,7399000000.0,5410000000.0
US5949181045,MSFT,quarterly,2010-06-30,USD,12869000000.0,16039000000.0,3170000000.0,3170000000.0,5930000000.0,4589000000.0,2350000000.0,7937000000.0,239000000.0,-37000000.0,None,37000000.0,-138000000.0,-19000000.0,None,718000000.0,6024000000.0,1506000000.0,37000000.0,12869000000.0,4518000000.0,6061000000.0,7714000000.0,4518000000.0
US5949181045,MSFT,quarterly,2010-03-31,USD,11748000000.0,14503000000.0,2755000000.0,2755000000.0,5173000000.0,4355000000.0,2220000000.0,6575000000.0,204000000.0,-38000000.0,None,38000000.0,-125000000.0,-10000000.0,None,694000000.0,5341000000.0,1335000000.0,38000000.0,4006000000.0,4006000000.0,5379000000.0,6073000000.0,4006000000.0
US5949181045,MSFT,quarterly,2009-12-31,USD,15394000000.0,19022000000.0,3628000000.0,3628000000.0,8513000000.0,4743000000.0,2079000000.0,6881000000.0,197000000.0,-38000000.0,None,38000000.0,73000000.0,46000000.0,None,615000000.0,8883000000.0,2221000000.0,38000000.0,6662000000.0,6662000000.0,8921000000.0,9536000000.0,6662000000.0
US5949181045,MSFT,quarterly,2009-09-30,USD,10078000000.0,12920000000.0,2842000000.0,2842000000.0,4482000000.0,3531000000.0,2065000000.0,5596000000.0,203000000.0,-38000000.0,None,38000000.0,51000000.0,-3000000.0,None,646000000.0,4765000000.0,1191000000.0,38000000.0,3574000000.0,3574000000.0,4803000000.0,5449000000.0,3574000000.0
US5949181045,MSFT,quarterly,2009-06-30,USD,10513000000.0,13099000000.0,2586000000.0,2586000000.0,3987000000.0,1399000000.0,2225000000.0,6526000000.0,None,None,None,38000000.0,None,None,None,681000000.0,4142000000.0,1097000000.0,None,None,None,3987000000.0,4668000000.0,3045000000.0
US5949181045,MSFT,quarterly,2009-03-31,USD,10834000000.0,13648000000.0,2814000000.0,2814000000.0,4438000000.0,1203000000.0,2212000000.0,6396000000.0,None,None,None,None,None,None,None,664000000.0,4050000000.0,1073000000.0,None,None,None,4438000000.0,4438000000.0,2977000000.0
US5949181045,MSFT,quarterly,2008-12-31,USD,12722000000.0,16629000000.0,3907000000.0,3907000000.0,5939000000.0,831000000.0,2290000000.0,6783000000.0,None,None,None,None,None,None,None,632000000.0,5638000000.0,1464000000.0,None,None,None,5939000000.0,5939000000.0,4174000000.0
US5949181045,MSFT,quarterly,2008-09-30,USD,12213000000.0,15061000000.0,2848000000.0,2848000000.0,5999000000.0,887000000.0,2283000000.0,6214000000.0,None,None,None,None,None,None,None,585000000.0,5991000000.0,1618000000.0,None,None,None,5999000000.0,5999000000.0,4373000000.0
US5949181045,MSFT,quarterly,2008-06-30,USD,12971000000.0,15837000000.0,2866000000.0,2866000000.0,5684000000.0,887000000.0,2407000000.0,7287000000.0,None,None,None,106000000.0,None,None,None,608000000.0,5968000000.0,1671000000.0,None,None,None,5684000000.0,6292000000.0,4297000000.0
US5949181045,MSFT,quarterly,2008-03-31,USD,11940000000.0,14454000000.0,2514000000.0,2514000000.0,4409000000.0,2341000000.0,2035000000.0,7531000000.0,None,None,None,None,None,None,None,532000000.0,4810000000.0,422000000.0,None,None,None,3877000000.0,4409000000.0,4388000000.0
US5949181045,MSFT,quarterly,2007-12-31,USD,12824000000.0,16367000000.0,3543000000.0,3543000000.0,6481000000.0,1066000000.0,1885000000.0,6343000000.0,None,None,None,None,None,None,None,481000000.0,6820000000.0,2113000000.0,None,None,None,6000000000.0,6481000000.0,4707000000.0
US5949181045,MSFT,quarterly,2007-09-30,USD,11087000000.0,13762000000.0,2675000000.0,2675000000.0,5918000000.0,718000000.0,1837000000.0,5169000000.0,None,None,None,None,None,None,None,435000000.0,6216000000.0,1927000000.0,None,None,None,5483000000.0,5918000000.0,4289000000.0
US0378331005,AAPL,annual,2024-09-30,USD,180683000000.0,391035000000.0,236449000000.0,210352000000.0,123216000000.0,26097000000.0,31370000000.0,57467000000.0,None,None,None,None,391035000000.0,None,8200000000.0,11445000000.0,123485000000.0,29749000000.0,None,93736000000.0,98016000000.0,123216000000.0,134661000000.0,93736000000.0
US0378331005,AAPL,annual,2023-09-30,USD,169148000000.0,379352000000.0,239069000000.0,214137000000.0,114301000000.0,24932000000.0,29915000000.0,54847000000.0,3750000000.0,-3933000000.0,3750000000.0,3933000000.0,383285000000.0,-382000000.0,8500000000.0,11519000000.0,113736000000.0,16741000000.0,3933000000.0,96995000000.0,96652000000.0,117669000000.0,125820000000.0,96995000000.0
US0378331005,AAPL,annual,2022-09-30,USD,170782000000.0,391397000000.0,248640000000.0,223546000000.0,119437000000.0,25094000000.0,26251000000.0,51345000000.0,2825000000.0,-2931000000.0,106000000.0,2931000000.0,394328000000.0,-228000000.0,8700000000.0,11104000000.0,119103000000.0,19300000000.0,2931000000.0,99803000000.0,88531000000.0,122034000000.0,130541000000.0,99803000000.0
US0378331005,AAPL,annual,2021-09-30,USD,152836000000.0,363172000000.0,234954000000.0,212981000000.0,108949000000.0,21973000000.0,21914000000.0,43887000000.0,2843000000.0,-2645000000.0,2843000000.0,2645000000.0,365817000000.0,60000000.0,9500000000.0,11284000000.0,109207000000.0,14527000000.0,2645000000.0,94680000000.0,95249000000.0,111852000000.0,120233000000.0,94680000000.0
US0378331005,AAPL,annual,2020-09-30,USD,104956000000.0,271642000000.0,189475000000.0,169559000000.0,66288000000.0,19916000000.0,18752000000.0,38668000000.0,3763000000.0,-2873000000.0,3763000000.0,2873000000.0,274515000000.0,-87000000.0,9700000000.0,11056000000.0,67091000000.0,9680000000.0,2873000000.0,57411000000.0,57453000000.0,69964000000.0,77344000000.0,57411000000.0
US0378331005,AAPL,annual,2019-09-30,USD,98392000000.0,256598000000.0,180027000000.0,161782000000.0,63930000000.0,18245000000.0,16217000000.0,34462000000.0,4961000000.0,-3576000000.0,4961000000.0,3576000000.0,260174000000.0,422000000.0,11300000000.0,11300000000.0,65737000000.0,10481000000.0,3576000000.0,55256000000.0,58037000000.0,69313000000.0,76477000000.0,55256000000.0
US0378331005,AAPL,annual,2018-09-30,USD,101839000000.0,265595000000.0,163756000000.0,163756000000.0,70898000000.0,16705000000.0,14236000000.0,30941000000.0,5686000000.0,-3240000000.0,5686000000.0,3240000000.0,265595000000.0,-441000000.0,9300000000.0,9300000000.0,72903000000.0,13372000000.0,3240000000.0,59531000000.0,56505000000.0,76143000000.0,81801000000.0,59531000000.0
US0378331005,AAPL,annual,2017-09-30,USD,88186000000.0,229234000000.0,141048000000.0,141048000000.0,61344000000.0,15261000000.0,11581000000.0,26842000000.0,5201000000.0,-2323000000.0,5201000000.0,2323000000.0,229234000000.0,-133000000.0,8200000000.0,1200000000.0,64089000000.0,15738000000.0,2323000000.0,48351000000.0,47567000000.0,66412000000.0,67612000000.0,48351000000.0
US0378331005,AAPL,annual,2016-09-30,USD,84263000000.0,215639000000.0,131376000000.0,131376000000.0,60024000000.0,14194000000.0,10045000000.0,24239000000.0,3999000000.0,-1456000000.0,3999000000.0,1456000000.0,None,-1195000000.0,8300000000.0,8300000000.0,61372000000.0,15685000000.0,1456000000.0,45687000000.0,46666000000.0,62828000000.0,71128000000.0,45687000000.0
US0378331005,AAPL,annual,2015-09-30,USD,93626000000.0,232982000000.0,163618000000.0,140089000000.0,71230000000.0,14329000000.0,8067000000.0,22396000000.0,2921000000.0,-733000000.0,None,733000000.0,None,-903000000.0,None,9200000000.0,72515000000.0,19121000000.0,733000000.0,53394000000.0,51967000000.0,73248000000.0,82448000000.0,53394000000.0
US0378331005,AAPL,annual,2014-09-30,USD,70537000000.0,182411000000.0,131151000000.0,112258000000.0,52503000000.0,11993000000.0,6041000000.0,18034000000.0,1795000000.0,-384000000.0,None,384000000.0,None,-431000000.0,None,6900000000.0,53483000000.0,13973000000.0,384000000.0,39510000000.0,41063000000.0,53867000000.0,60767000000.0,39510000000.0
US0378331005,AAPL,annual,2013-09-30,USD,64304000000.0,170774000000.0,123236000000.0,106606000000.0,48999000000.0,10830000000.0,4475000000.0,15305000000.0,1616000000.0,-136000000.0,None,136000000.0,None,-324000000.0,None,5800000000.0,50155000000.0,13118000000.0,136000000.0,37037000000.0,36067000000.0,50291000000.0,56091000000.0,37037000000.0
US0378331005,AAPL,annual,2012-09-30,USD,68662000000.0,156508000000.0,100486000000.0,87846000000.0,55241000000.0,10040000000.0,3381000000.0,13421000000.0,1088000000.0,0.0,None,0.0,None,-566000000.0,None,2600000000.0,55763000000.0,14030000000.0,0.0,41733000000.0,41789000000.0,55763000000.0,58363000000.0,41733000000.0
US0378331005,AAPL,annual,2011-09-30,USD,43818000000.0,108249000000.0,73630000000.0,64431000000.0,33790000000.0,7599000000.0,2429000000.0,10028000000.0,519000000.0,0.0,None,0.0,None,-104000000.0,None,1600000000.0,34205000000.0,8283000000.0,0.0,25922000000.0,26411000000.0,34205000000.0,35805000000.0,25922000000.0
US0378331005,AAPL,annual,2010-09-30,USD,25684000000.0,65225000000.0,45873000000.0,39541000000.0,18385000000.0,5517000000.0,1782000000.0,7299000000.0,None,None,None,155000000.0,None,155000000.0,None,815000000.0,18540000000.0,4527000000.0,None,14013000000.0,13890000000.0,18385000000.0,19200000000.0,14013000000.0
US0378331005,AAPL,annual,2009-09-30,USD,17222000000.0,42905000000.0,29832000000.0,25683000000.0,11740000000.0,4149000000.0,1333000000.0,5482000000.0,None,None,None,326000000.0,None,326000000.0,None,606000000.0,12066000000.0,3831000000.0,None,8235000000.0,8321000000.0,11740000000.0,12346000000.0,8235000000.0
US0378331005,AAPL,quarterly,2024-09-30,USD,43879000000.0,94930000000.0,57574000000.0,51051000000.0,29591000000.0,6523000000.0,7765000000.0,14288000000.0,None,None,None,None,94930000000.0,None,None,2911000000.0,29610000000.0,14874000000.0,None,14736000000.0,15980000000.0,29591000000.0,32502000000.0,14736000000.0
US0378331005,AAPL,quarterly,2024-06-30,USD,39678000000.0,85777000000.0,52419000000.0,46099000000.0,25352000000.0,6320000000.0,8006000000.0,14326000000.0,None,None,None,None,85777000000.0,None,None,2850000000.0,25494000000.0,4046000000.0,None,21448000000.0,21992000000.0,25352000000.0,28202000000.0,21448000000.0
US0378331005,AAPL,quarterly,2024-03-31,USD,42271000000.0,90753000000.0,54950000000.0,48482000000.0,27900000000.0,6468000000.0,7903000000.0,14371000000.0,None,None,None,None,90753000000.0,None,None,2836000000.0,28058000000.0,4422000000.0,None,23636000000.0,24054000000.0,27900000000.0,30736000000.0,23636000000.0
US0378331005,AAPL,quarterly,2023-12-31,USD,54855000000.0,119575000000.0,71506000000.0,64720000000.0,40373000000.0,6786000000.0,7696000000.0,14482000000.0,None,None,None,1002000000.0,119575000000.0,None,None,2848000000.0,40323000000.0,6407000000.0,None,33916000000.0,35990000000.0,40373000000.0,43221000000.0,33916000000.0
US0378331005,AAPL,quarterly,2023-09-30,USD,40427000000.0,88496000000.0,55222000000.0,49071000000.0,26969000000.0,6151000000.0,7307000000.0,13458000000.0,984000000.0,-1002000000.0,984000000.0,1002000000.0,89498000000.0,47000000.0,None,2653000000.0,26998000000.0,4042000000.0,1002000000.0,22956000000.0,23305000000.0,28000000000.0,29622000000.0,22956000000.0
US0378331005,AAPL,quarterly,2023-06-30,USD,36413000000.0,80799000000.0,51357000000.0,45384000000.0,22998000000.0,5973000000.0,7442000000.0,13415000000.0,980000000.0,-998000000.0,980000000.0,998000000.0,81797000000.0,-247000000.0,None,3052000000.0,22733000000.0,2852000000.0,998000000.0,19881000000.0,19826000000.0,23731000000.0,26050000000.0,19881000000.0
US0378331005,AAPL,quarterly,2023-03-31,USD,41976000000.0,94836000000.0,59061000000.0,52860000000.0,28318000000.0,6201000000.0,7457000000.0,13658000000.0,None,-12000000.0,918000000.0,930000000.0,94836000000.0,76000000.0,None,2898000000.0,28382000000.0,4222000000.0,None,24160000000.0,25326000000.0,29312000000.0,31216000000.0,24160000000.0
US0378331005,AAPL,quarterly,2022-12-31,USD,50332000000.0,116151000000.0,73429000000.0,66822000000.0,36016000000.0,6607000000.0,7709000000.0,14316000000.0,868000000.0,-1003000000.0,868000000.0,1003000000.0,117154000000.0,-258000000.0,None,2916000000.0,35623000000.0,5625000000.0,1003000000.0,29998000000.0,28195000000.0,36626000000.0,38932000000.0,29998000000.0
US0378331005,AAPL,quarterly,2022-09-30,USD,38095000000.0,89319000000.0,58491000000.0,52051000000.0,24894000000.0,6440000000.0,6761000000.0,13201000000.0,753000000.0,-827000000.0,753000000.0,827000000.0,90146000000.0,-163000000.0,None,2865000000.0,24657000000.0,3936000000.0,827000000.0,20721000000.0,18909000000.0,25484000000.0,28349000000.0,20721000000.0
US0378331005,AAPL,quarterly,2022-06-30,USD,35885000000.0,82240000000.0,53086000000.0,47074000000.0,23076000000.0,6012000000.0,6797000000.0,12809000000.0,722000000.0,-719000000.0,722000000.0,719000000.0,82959000000.0,-13000000.0,None,2805000000.0,23066000000.0,3624000000.0,719000000.0,19442000000.0,16639000000.0,23785000000.0,25881000000.0,19442000000.0
US0378331005,AAPL,quarterly,2022-03-31,USD,42559000000.0,96587000000.0,60912000000.0,54719000000.0,29979000000.0,6193000000.0,6387000000.0,12580000000.0,700000000.0,-691000000.0,700000000.0,691000000.0,97278000000.0,151000000.0,None,2737000000.0,30139000000.0,5129000000.0,691000000.0,25010000000.0,19443000000.0,30830000000.0,32716000000.0,25010000000.0
US0378331005,AAPL,quarterly,2021-12-31,USD,54243000000.0,123251000000.0,76151000000.0,69702000000.0,41488000000.0,6449000000.0,6306000000.0,12755000000.0,650000000.0,-694000000.0,650000000.0,694000000.0,123945000000.0,-203000000.0,None,2697000000.0,41241000000.0,6611000000.0,694000000.0,34630000000.0,33540000000.0,41935000000.0,44185000000.0,34630000000.0
US0378331005,AAPL,quarterly,2021-09-30,USD,35174000000.0,82688000000.0,53802000000.0,48186000000.0,23786000000.0,5616000000.0,5772000000.0,11388000000.0,659000000.0,-672000000.0,659000000.0,672000000.0,83360000000.0,-525000000.0,None,2989000000.0,23248000000.0,2697000000.0,672000000.0,20551000000.0,20656000000.0,23920000000.0,26775000000.0,20551000000.0
US0378331005,AAPL,quarterly,2021-06-30,USD,35255000000.0,80769000000.0,51591000000.0,46179000000.0,24126000000.0,5412000000.0,5717000000.0,11129000000.0,719000000.0,-665000000.0,719000000.0,665000000.0,81434000000.0,189000000.0,None,2832000000.0,24369000000.0,2625000000.0,665000000.0,21744000000.0,22088000000.0,25034000000.0,26958000000.0,21744000000.0
US0378331005,AAPL,quarterly,2021-03-31,USD,38079000000.0,88914000000.0,56819000000.0,51505000000.0,27503000000.0,5314000000.0,5262000000.0,10576000000.0,718000000.0,-670000000.0,718000000.0,670000000.0,89584000000.0,460000000.0,None,2797000000.0,28011000000.0,4381000000.0,670000000.0,23630000000.0,23165000000.0,28681000000.0,30300000000.0,23630000000.0
US0378331005,AAPL,quarterly,2020-12-31,USD,44328000000.0,110801000000.0,72742000000.0,67111000000.0,33534000000.0,5631000000.0,5163000000.0,10794000000.0,747000000.0,-638000000.0,747000000.0,638000000.0,111439000000.0,-64000000.0,None,2666000000.0,33579000000.0,4824000000.0,638000000.0,28755000000.0,29340000000.0,34217000000.0,36200000000.0,28755000000.0
US0378331005,AAPL,quarterly,2020-09-30,USD,24689000000.0,64698000000.0,44945000000.0,40009000000.0,14775000000.0,4936000000.0,4978000000.0,9914000000.0,768000000.0,-634000000.0,134000000.0,634000000.0,64698000000.0,-8000000.0,None,2702000000.0,14901000000.0,2228000000.0,634000000.0,24689000000.0,12817000000.0,15535000000.0,17477000000.0,12673000000.0
US0378331005,AAPL,quarterly,2020-06-30,USD,22680000000.0,58988000000.0,41836000000.0,37005000000.0,13091000000.0,4831000000.0,4758000000.0,9589000000.0,901000000.0,-697000000.0,901000000.0,697000000.0,59685000000.0,-158000000.0,None,2752000000.0,13137000000.0,1884000000.0,697000000.0,11253000000.0,13492000000.0,13834000000.0,15843000000.0,11253000000.0
US0378331005,AAPL,quarterly,2020-03-31,USD,22370000000.0,57556000000.0,40895000000.0,35943000000.0,12853000000.0,4952000000.0,4565000000.0,9517000000.0,1049000000.0,-757000000.0,1049000000.0,757000000.0,58313000000.0,-10000000.0,None,2786000000.0,13135000000.0,1886000000.0,757000000.0,11249000000.0,8878000000.0,13892000000.0,15639000000.0,11249000000.0
US0378331005,AAPL,quarterly,2019-12-31,USD,35217000000.0,91034000000.0,61799000000.0,56602000000.0,25569000000.0,5197000000.0,4451000000.0,9648000000.0,1045000000.0,-785000000.0,1045000000.0,785000000.0,91819000000.0,89000000.0,None,2816000000.0,25918000000.0,3682000000.0,785000000.0,22236000000.0,22266000000.0,26703000000.0,28385000000.0,22236000000.0
US0378331005,AAPL,quarterly,2019-09-30,USD,24313000000.0,64040000000.0,44305000000.0,39727000000.0,15625000000.0,4578000000.0,4110000000.0,8688000000.0,1106000000.0,-810000000.0,1106000000.0,810000000.0,64040000000.0,206000000.0,None,3179000000.0,16127000000.0,2441000000.0,810000000.0,24313000000.0,13741000000.0,16937000000.0,18804000000.0,13686000000.0
US0378331005,AAPL,quarterly,2019-06-30,USD,20227000000.0,52943000000.0,38008000000.0,33582000000.0,11544000000.0,4426000000.0,4257000000.0,8683000000.0,1190000000.0,-866000000.0,1190000000.0,866000000.0,53809000000.0,43000000.0,None,2933000000.0,11911000000.0,1867000000.0,866000000.0,10044000000.0,10904000000.0,12777000000.0,14477000000.0,10044000000.0
US0378331005,AAPL,quarterly,2019-03-31,USD,21821000000.0,57005000000.0,40652000000.0,36194000000.0,13415000000.0,4458000000.0,3948000000.0,8406000000.0,1358000000.0,-1010000000.0,1358000000.0,1010000000.0,58015000000.0,30000000.0,None,3040000000.0,13793000000.0,2232000000.0,1010000000.0,11561000000.0,13650000000.0,14803000000.0,16455000000.0,11561000000.0
US0378331005,AAPL,quarterly,2018-12-31,USD,32031000000.0,83420000000.0,57062000000.0,52279000000.0,23346000000.0,4783000000.0,3902000000.0,8685000000.0,1307000000.0,-890000000.0,None,890000000.0,84310000000.0,143000000.0,None,3395000000.0,23906000000.0,3941000000.0,890000000.0,19965000000.0,19742000000.0,24796000000.0,26741000000.0,19965000000.0
US0378331005,AAPL,quarterly,2018-09-30,USD,24084000000.0,62900000000.0,38816000000.0,38816000000.0,16118000000.0,4216000000.0,3750000000.0,7966000000.0,1311000000.0,-868000000.0,None,868000000.0,62900000000.0,-140000000.0,None,2754000000.0,16421000000.0,2296000000.0,868000000.0,24084000000.0,13782000000.0,17289000000.0,18872000000.0,14125000000.0
US0378331005,AAPL,quarterly,2018-06-30,USD,20421000000.0,53265000000.0,32844000000.0,32844000000.0,12612000000.0,4108000000.0,3701000000.0,7809000000.0,1418000000.0,-846000000.0,None,846000000.0,53265000000.0,100000000.0,None,2665000000.0,13284000000.0,1765000000.0,846000000.0,11519000000.0,11472000000.0,14130000000.0,15277000000.0,11519000000.0
US0378331005,AAPL,quarterly,2018-03-31,USD,23422000000.0,61137000000.0,37715000000.0,37715000000.0,15894000000.0,4150000000.0,3378000000.0,7528000000.0,1505000000.0,-792000000.0,None,792000000.0,61137000000.0,-439000000.0,None,2739000000.0,16168000000.0,2346000000.0,792000000.0,13822000000.0,11877000000.0,16960000000.0,18633000000.0,13822000000.0
US0378331005,AAPL,quarterly,2017-12-31,USD,33912000000.0,88293000000.0,54381000000.0,54381000000.0,26274000000.0,4231000000.0,3407000000.0,7638000000.0,1452000000.0,-734000000.0,None,734000000.0,88293000000.0,38000000.0,None,2745000000.0,27030000000.0,6965000000.0,734000000.0,20065000000.0,19374000000.0,27764000000.0,29019000000.0,20065000000.0
US0378331005,AAPL,quarterly,2017-09-30,USD,19931000000.0,52579000000.0,32648000000.0,32648000000.0,13120000000.0,3814000000.0,2997000000.0,6811000000.0,1368000000.0,-666000000.0,None,666000000.0,None,95000000.0,None,2484000000.0,13917000000.0,3203000000.0,666000000.0,19931000000.0,11109000000.0,14583000000.0,15604000000.0,10714000000.0
US0378331005,AAPL,quarterly,2017-06-30,USD,17488000000.0,45408000000.0,27920000000.0,27920000000.0,10768000000.0,3783000000.0,2937000000.0,6720000000.0,1327000000.0,-602000000.0,None,602000000.0,None,-185000000.0,None,2354000000.0,11308000000.0,2591000000.0,602000000.0,17488000000.0,8594000000.0,11910000000.0,13122000000.0,8717000000.0
US0378331005,AAPL,quarterly,2017-03-31,USD,20591000000.0,52896000000.0,32305000000.0,32305000000.0,14097000000.0,3718000000.0,2776000000.0,6494000000.0,1282000000.0,-530000000.0,None,530000000.0,None,-165000000.0,None,2332000000.0,14684000000.0,3655000000.0,530000000.0,20591000000.0,10362000000.0,15214000000.0,16429000000.0,11029000000.0
US0378331005,AAPL,quarterly,2016-12-31,USD,30176000000.0,78351000000.0,48175000000.0,48175000000.0,23359000000.0,3946000000.0,2871000000.0,6817000000.0,1224000000.0,-525000000.0,None,525000000.0,None,122000000.0,None,2987000000.0,24180000000.0,6289000000.0,525000000.0,17891000000.0,17502000000.0,24705000000.0,26346000000.0,17891000000.0
US0378331005,AAPL,quarterly,2016-09-30,USD,17813000000.0,47858000000.0,40821000000.0,29039000000.0,11761000000.0,3482000000.0,2570000000.0,6052000000.0,1036000000.0,-450000000.0,None,450000000.0,None,-159000000.0,None,2548000000.0,12188000000.0,3174000000.0,450000000.0,17813000000.0,9755000000.0,12638000000.0,14309000000.0,9014000000.0
US0378331005,AAPL,quarterly,2016-06-30,USD,16106000000.0,41949000000.0,29693000000.0,26252000000.0,10105000000.0,3441000000.0,2560000000.0,6001000000.0,1036000000.0,-409000000.0,None,409000000.0,None,-263000000.0,None,2526000000.0,10469000000.0,2673000000.0,409000000.0,7796000000.0,8737000000.0,10878000000.0,12631000000.0,7796000000.0
US0378331005,AAPL,quarterly,2016-03-31,USD,19921000000.0,50236000000.0,34059000000.0,30636000000.0,13987000000.0,3423000000.0,2511000000.0,5934000000.0,986000000.0,-321000000.0,None,321000000.0,None,-510000000.0,None,2477000000.0,14142000000.0,3626000000.0,321000000.0,10516000000.0,10948000000.0,14463000000.0,16464000000.0,10516000000.0
US0378331005,AAPL,quarterly,2015-12-31,USD,30423000000.0,75596000000.0,49297000000.0,45449000000.0,24171000000.0,3848000000.0,2404000000.0,6252000000.0,941000000.0,-276000000.0,None,276000000.0,None,-263000000.0,None,2954000000.0,24573000000.0,6212000000.0,276000000.0,18361000000.0,17226000000.0,24849000000.0,27125000000.0,18361000000.0
US0378331005,AAPL,quarterly,2015-09-30,USD,20548000000.0,51501000000.0,43858000000.0,30953000000.0,14623000000.0,3705000000.0,2220000000.0,5925000000.0,826000000.0,-238000000.0,None,238000000.0,None,-149000000.0,None,3119000000.0,15062000000.0,3938000000.0,238000000.0,20548000000.0,9681000000.0,15300000000.0,17742000000.0,11124000000.0
US0378331005,AAPL,quarterly,2015-06-30,USD,19681000000.0,49404000000.0,33488000000.0,29924000000.0,14083000000.0,3564000000.0,2034000000.0,5598000000.0,766000000.0,-201000000.0,None,201000000.0,None,-175000000.0,None,3084000000.0,14473000000.0,3796000000.0,201000000.0,10677000000.0,9065000000.0,14674000000.0,17167000000.0,10677000000.0
US0378331005,AAPL,quarterly,2015-03-31,USD,23656000000.0,57847000000.0,37814000000.0,34354000000.0,18278000000.0,3460000000.0,1918000000.0,5378000000.0,675000000.0,-163000000.0,None,163000000.0,None,-226000000.0,None,2479000000.0,18564000000.0,4995000000.0,163000000.0,13569000000.0,14316000000.0,18727000000.0,20757000000.0,13569000000.0
US0378331005,AAPL,quarterly,2014-12-31,USD,29741000000.0,74468000000.0,48458000000.0,44858000000.0,24246000000.0,3600000000.0,1895000000.0,5495000000.0,654000000.0,-131000000.0,None,131000000.0,None,-353000000.0,None,2575000000.0,24416000000.0,6392000000.0,131000000.0,18024000000.0,18905000000.0,24547000000.0,26821000000.0,18024000000.0
US0378331005,AAPL,quarterly,2014-09-30,USD,16009000000.0,42123000000.0,36172000000.0,26114000000.0,11165000000.0,3158000000.0,1686000000.0,4844000000.0,519000000.0,-115000000.0,None,115000000.0,None,-97000000.0,None,1969000000.0,11472000000.0,3005000000.0,115000000.0,16009000000.0,9463000000.0,11587000000.0,13134000000.0,8467000000.0
US0378331005,AAPL,quarterly,2014-06-30,USD,14735000000.0,37332000000.0,25547000000.0,22697000000.0,10282000000.0,2850000000.0,1603000000.0,4453000000.0,439000000.0,-100000000.0,None,100000000.0,None,-137000000.0,None,1946000000.0,10484000000.0,2736000000.0,100000000.0,7748000000.0,8085000000.0,10584000000.0,12228000000.0,7748000000.0
US0378331005,AAPL,quarterly,2014-03-31,USD,17947000000.0,45561000000.0,30631000000.0,27699000000.0,13593000000.0,2932000000.0,1422000000.0,4354000000.0,410000000.0,-85000000.0,None,85000000.0,None,-100000000.0,None,1887000000.0,13818000000.0,3595000000.0,85000000.0,10223000000.0,10278000000.0,13903000000.0,15480000000.0,10223000000.0
US0378331005,AAPL,quarterly,2013-12-31,USD,21846000000.0,57510000000.0,38801000000.0,35748000000.0,17463000000.0,3053000000.0,1330000000.0,4383000000.0,427000000.0,-84000000.0,None,84000000.0,None,-97000000.0,None,2144000000.0,17709000000.0,4637000000.0,84000000.0,13072000000.0,13237000000.0,17793000000.0,19607000000.0,13072000000.0
US0378331005,AAPL,quarterly,2013-09-30,USD,13871000000.0,37472000000.0,32074000000.0,23601000000.0,10030000000.0,2673000000.0,1168000000.0,3841000000.0,390000000.0,-83000000.0,None,83000000.0,None,-194000000.0,None,1783000000.0,10143000000.0,2631000000.0,83000000.0,13871000000.0,7275000000.0,10226000000.0,11813000000.0,7512000000.0
US0378331005,AAPL,quarterly,2013-06-30,USD,13024000000.0,35270000000.0,24944000000.0,22299000000.0,9201000000.0,2645000000.0,1178000000.0,3823000000.0,385000000.0,-53000000.0,None,53000000.0,None,-98000000.0,None,1694000000.0,9435000000.0,2535000000.0,53000000.0,6900000000.0,5702000000.0,9488000000.0,11182000000.0,6900000000.0
US0378331005,AAPL,quarterly,2013-03-31,USD,16349000000.0,43603000000.0,29926000000.0,27254000000.0,12558000000.0,2672000000.0,1119000000.0,3791000000.0,420000000.0,0.0,None,0.0,None,-73000000.0,None,1692000000.0,12905000000.0,3358000000.0,0.0,9547000000.0,9899000000.0,12905000000.0,14597000000.0,9547000000.0
US0378331005,AAPL,quarterly,2012-12-31,USD,21060000000.0,54512000000.0,36292000000.0,33452000000.0,17210000000.0,2840000000.0,1010000000.0,3850000000.0,421000000.0,0.0,None,0.0,None,41000000.0,None,1588000000.0,17672000000.0,4594000000.0,0.0,13078000000.0,13191000000.0,17672000000.0,19260000000.0,13078000000.0
US0378331005,AAPL,quarterly,2012-09-30,USD,14401000000.0,35966000000.0,26716000000.0,21565000000.0,10944000000.0,2551000000.0,906000000.0,3457000000.0,None,None,None,51000000.0,None,-51000000.0,None,981000000.0,10893000000.0,2670000000.0,None,14401000000.0,8190000000.0,10944000000.0,11925000000.0,8223000000.0
US0378331005,AAPL,quarterly,2012-06-30,USD,14994000000.0,35023000000.0,22574000000.0,20029000000.0,11573000000.0,2545000000.0,876000000.0,3421000000.0,None,None,None,288000000.0,None,288000000.0,None,835000000.0,11861000000.0,3037000000.0,None,8824000000.0,8832000000.0,11573000000.0,12696000000.0,8824000000.0
US0378331005,AAPL,quarterly,2012-03-31,USD,18564000000.0,39186000000.0,22961000000.0,20622000000.0,15384000000.0,2339000000.0,841000000.0,3180000000.0,None,None,None,148000000.0,None,148000000.0,None,740000000.0,15532000000.0,3910000000.0,None,11622000000.0,11762000000.0,15384000000.0,15384000000.0,11622000000.0
US0378331005,AAPL,quarterly,2011-12-31,USD,20703000000.0,46333000000.0,28235000000.0,25630000000.0,17340000000.0,2605000000.0,758000000.0,3363000000.0,None,None,None,137000000.0,None,137000000.0,None,721000000.0,17477000000.0,4413000000.0,None,13064000000.0,13005000000.0,17340000000.0,18061000000.0,13064000000.0
US0378331005,AAPL,quarterly,2011-09-30,USD,11380000000.0,28270000000.0,20515000000.0,16890000000.0,8710000000.0,2025000000.0,645000000.0,2670000000.0,None,None,None,81000000.0,None,81000000.0,None,543000000.0,8791000000.0,2168000000.0,None,11380000000.0,6677000000.0,8710000000.0,9253000000.0,6623000000.0
US0378331005,AAPL,quarterly,2011-06-30,USD,11922000000.0,28571000000.0,18564000000.0,16649000000.0,9379000000.0,1915000000.0,628000000.0,2543000000.0,None,None,None,172000000.0,None,172000000.0,None,481000000.0,9551000000.0,2243000000.0,None,7308000000.0,7571000000.0,9379000000.0,9860000000.0,7308000000.0
US0378331005,AAPL,quarterly,2011-03-31,USD,10218000000.0,24708000000.0,16212000000.0,14449000000.0,7874000000.0,1763000000.0,581000000.0,2344000000.0,None,None,None,26000000.0,None,26000000.0,None,434000000.0,7900000000.0,1913000000.0,None,5987000000.0,5999000000.0,7874000000.0,8308000000.0,5987000000.0
US0378331005,AAPL,quarterly,2010-12-31,USD,10298000000.0,26741000000.0,18339000000.0,16443000000.0,7827000000.0,1896000000.0,575000000.0,2471000000.0,None,None,None,136000000.0,None,136000000.0,None,356000000.0,7963000000.0,1959000000.0,None,6004000000.0,6164000000.0,7827000000.0,8183000000.0,6004000000.0
US0378331005,AAPL,quarterly,2010-09-30,USD,7512000000.0,20343000000.0,15217000000.0,12831000000.0,5447000000.0,1571000000.0,494000000.0,2065000000.0,None,None,None,14000000.0,None,14000000.0,None,329000000.0,5461000000.0,1153000000.0,None,7512000000.0,4154000000.0,5447000000.0,5776000000.0,4308000000.0
US0378331005,AAPL,quarterly,2010-06-30,USD,6136000000.0,15700000000.0,11002000000.0,9564000000.0,4234000000.0,1438000000.0,464000000.0,1902000000.0,None,None,None,58000000.0,None,58000000.0,None,273000000.0,4292000000.0,1039000000.0,None,3253000000.0,3236000000.0,4234000000.0,4507000000.0,3253000000.0
US0378331005,AAPL,quarterly,2010-03-31,USD,5625000000.0,13499000000.0,9094000000.0,7874000000.0,3979000000.0,1220000000.0,426000000.0,1646000000.0,None,None,None,266000000.0,None,50000000.0,None,216000000.0,4029000000.0,955000000.0,None,3074000000.0,3088000000.0,3979000000.0,3979000000.0,3074000000.0
US0378331005,AAPL,quarterly,2009-12-31,USD,6411000000.0,15683000000.0,10560000000.0,9272000000.0,4725000000.0,1288000000.0,398000000.0,1686000000.0,None,None,None,33000000.0,None,33000000.0,None,209000000.0,4758000000.0,1380000000.0,None,3378000000.0,3412000000.0,4725000000.0,4934000000.0,3378000000.0
US0378331005,AAPL,quarterly,2009-09-30,USD,5105000000.0,12207000000.0,7102000000.0,7102000000.0,3684000000.0,1063000000.0,358000000.0,1421000000.0,None,None,None,45000000.0,None,None,None,197000000.0,3729000000.0,1197000000.0,None,5105000000.0,2628000000.0,3684000000.0,2390000000.0,2532000000.0
US0378331005,AAPL,quarterly,2009-06-30,USD,3983000000.0,8337000000.0,5314000000.0,5751000000.0,2632000000.0,1010000000.0,341000000.0,1351000000.0,None,None,None,236000000.0,None,60000000.0,None,176000000.0,2692000000.0,864000000.0,None,1229000000.0,1900000000.0,2632000000.0,1672000000.0,1828000000.0
US0378331005,AAPL,quarterly,2009-03-31,USD,3627000000.0,8163000000.0,5192000000.0,5457000000.0,2323000000.0,985000000.0,319000000.0,1304000000.0,None,None,None,63000000.0,None,None,None,172000000.0,2386000000.0,766000000.0,None,None,None,2323000000.0,1839000000.0,1620000000.0
US0378331005,AAPL,quarterly,2008-12-31,USD,4507000000.0,10167000000.0,6635000000.0,7373000000.0,3101000000.0,1091000000.0,315000000.0,1406000000.0,None,None,None,158000000.0,None,None,None,158000000.0,3259000000.0,1004000000.0,None,None,None,3101000000.0,2284000000.0,2255000000.0
US0378331005,AAPL,quarterly,2008-09-30,USD,4791000000.0,7895000000.0,5156000000.0,8116000000.0,3494000000.0,999000000.0,298000000.0,1297000000.0,None,None,None,140000000.0,None,None,None,134000000.0,3634000000.0,1213000000.0,None,None,None,3494000000.0,1442000000.0,2421000000.0
US0378331005,AAPL,quarterly,2008-06-30,USD,2600000000.0,7464000000.0,4864000000.0,4864000000.0,1392000000.0,916000000.0,292000000.0,1208000000.0,None,None,None,118000000.0,None,None,None,117000000.0,1510000000.0,438000000.0,None,None,None,1392000000.0,1392000000.0,1072000000.0
